<annotation><size><width>3840</width><height>2160</height><depth>3</depth></size><object><name>car</name><bndbox><xmin>946</xmin><ymin>898</ymin><xmax>1606</xmax><ymax>1316</ymax></bndbox></object><object><name>empty space</name><bndbox><xmin>825</xmin><ymin>628</ymin><xmax>1464</xmax><ymax>1049</ymax></bndbox></object><object><name>empty space</name><bndbox><xmin>693</xmin><ymin>370</ymin><xmax>1340</xmax><ymax>754</ymax></bndbox></object><object><name>empty space</name><bndbox><xmin>573</xmin><ymin>115</ymin><xmax>1228</xmax><ymax>552</ymax></bndbox></object><object><name>empty space</name><bndbox><xmin>1339</xmin><ymin>1669</ymin><xmax>2023</xmax><ymax>2123</ymax></bndbox></object><object><name>tree</name><bndbox><xmin>1620</xmin><ymin>1469</ymin><xmax>1914</xmax><ymax>1765</ymax></bndbox></object><object><name>tree</name><bndbox><xmin>1918</xmin><ymin>1407</ymin><xmax>1929</xmax><ymax>1419</ymax></bndbox></object><object><name>car</name><bndbox><xmin>732</xmin><ymin>1908</ymin><xmax>993</xmax><ymax>2161</ymax></bndbox></object><object><name>empty space</name><bndbox><xmin>3</xmin><ymin>259</ymin><xmax>348</xmax><ymax>982</ymax></bndbox></object><object><name>empty space</name><bndbox><xmin>135</xmin><ymin>533</ymin><xmax>480</xmax><ymax>1314</ymax></bndbox></object><object><name>empty space</name><bndbox><xmin>252</xmin><ymin>812</ymin><xmax>608</xmax><ymax>1584</ymax></bndbox></object><object><name>empty space</name><bndbox><xmin>358</xmin><ymin>1091</ymin><xmax>739</xmax><ymax>1846</ymax></bndbox></object><object><name>empty space</name><bndbox><xmin>509</xmin><ymin>1364</ymin><xmax>873</xmax><ymax>2001</ymax></bndbox></object><object><name>empty space</name><bndbox><xmin>1066</xmin><ymin>1150</ymin><xmax>1765</xmax><ymax>1597</ymax></bndbox></object><object><name>empty space</name><bndbox><xmin>1206</xmin><ymin>1412</ymin><xmax>1904</xmax><ymax>1853</ymax></bndbox></object><object><name>empty space</name><bndbox><xmin>1129</xmin><ymin>30</ymin><xmax>1816</xmax><ymax>451</ymax></bndbox></object><object><name>empty space</name><bndbox><xmin>1261</xmin><ymin>290</ymin><xmax>1938</xmax><ymax>738</ymax></bndbox></object><object><name>empty space</name><bndbox><xmin>1386</xmin><ymin>556</ymin><xmax>2063</xmax><ymax>937</ymax></bndbox></object><object><name>empty space</name><bndbox><xmin>1516</xmin><ymin>811</ymin><xmax>2209</xmax><ymax>1271</ymax></bndbox></object><object><name>empty space</name><bndbox><xmin>1688</xmin><ymin>1100</ymin><xmax>2367</xmax><ymax>1541</ymax></bndbox></object><object><name>empty space</name><bndbox><xmin>1837</xmin><ymin>1381</ymin><xmax>2499</xmax><ymax>1805</ymax></bndbox></object><object><name>car</name><bndbox><xmin>2765</xmin><ymin>1531</ymin><xmax>3047</xmax><ymax>1886</ymax></bndbox></object><object><name>tree</name><bndbox><xmin>2923</xmin><ymin>485</ymin><xmax>3368</xmax><ymax>778</ymax></bndbox></object><object><name>tree</name><bndbox><xmin>3219</xmin><ymin>1240</ymin><xmax>3614</xmax><ymax>1482</ymax></bndbox></object><object><name>tree</name><bndbox><xmin>1077</xmin><ymin>505</ymin><xmax>1401</xmax><ymax>824</ymax></bndbox></object></annotation>