<annotation><size><width>480</width><height>270</height><depth>3</depth></size><object><name>car</name><bndbox><xmin>19</xmin><ymin>18</ymin><xmax>87</xmax><ymax>176</ymax></bndbox></object><object><name>car</name><bndbox><xmin>87</xmin><ymin>30</ymin><xmax>151</xmax><ymax>179</ymax></bndbox></object><object><name>car</name><bndbox><xmin>158</xmin><ymin>29</ymin><xmax>219</xmax><ymax>162</ymax></bndbox></object><object><name>car</name><bndbox><xmin>224</xmin><ymin>26</ymin><xmax>288</xmax><ymax>162</ymax></bndbox></object><object><name>car</name><bndbox><xmin>296</xmin><ymin>28</ymin><xmax>359</xmax><ymax>162</ymax></bndbox></object><object><name>car</name><bndbox><xmin>366</xmin><ymin>27</ymin><xmax>429</xmax><ymax>169</ymax></bndbox></object><object><name>empty space</name><bndbox><xmin>22</xmin><ymin>179</ymin><xmax>97</xmax><ymax>269</ymax></bndbox></object><object><name>empty space</name><bndbox><xmin>89</xmin><ymin>180</ymin><xmax>162</xmax><ymax>271</ymax></bndbox></object><object><name>empty space</name><bndbox><xmin>156</xmin><ymin>180</ymin><xmax>234</xmax><ymax>272</ymax></bndbox></object><object><name>empty space</name><bndbox><xmin>219</xmin><ymin>177</ymin><xmax>302</xmax><ymax>273</ymax></bndbox></object><object><name>empty space</name><bndbox><xmin>284</xmin><ymin>179</ymin><xmax>365</xmax><ymax>271</ymax></bndbox></object><object><name>empty space</name><bndbox><xmin>359</xmin><ymin>177</ymin><xmax>434</xmax><ymax>271</ymax></bndbox></object></annotation>