<annotation><size><width>640</width><height>437</height><depth>3</depth></size><object><name>car</name><bndbox><xmin>68</xmin><ymin>16</ymin><xmax>196</xmax><ymax>186</ymax></bndbox></object><object><name>car</name><bndbox><xmin>-59</xmin><ymin>-47</ymin><xmax>75</xmax><ymax>176</ymax></bndbox></object><object><name>car</name><bndbox><xmin>-176</xmin><ymin>16</ymin><xmax>-58</xmax><ymax>179</ymax></bndbox></object><object><name>car</name><bndbox><xmin>119</xmin><ymin>182</ymin><xmax>237</xmax><ymax>350</ymax></bndbox></object><object><name>car</name><bndbox><xmin>7</xmin><ymin>167</ymin><xmax>103</xmax><ymax>356</ymax></bndbox></object><object><name>car</name><bndbox><xmin>52</xmin><ymin>-186</ymin><xmax>173</xmax><ymax>1</ymax></bndbox></object><object><name>car</name><bndbox><xmin>-197</xmin><ymin>-167</ymin><xmax>-78</xmax><ymax>-12</ymax></bndbox></object><object><name>car</name><bndbox><xmin>132</xmin><ymin>19</ymin><xmax>226</xmax><ymax>179</ymax></bndbox></object><object><name>car</name><bndbox><xmin>14</xmin><ymin>11</ymin><xmax>109</xmax><ymax>163</ymax></bndbox></object><object><name>car</name><bndbox><xmin>341</xmin><ymin>11</ymin><xmax>500</xmax><ymax>209</ymax></bndbox></object></annotation>