<annotation><size><width>800</width><height>502</height><depth>3</depth></size><object><name>car</name><bndbox><xmin>4</xmin><ymin>227</ymin><xmax>95</xmax><ymax>385</ymax></bndbox></object><object><name>car</name><bndbox><xmin>83</xmin><ymin>229</ymin><xmax>181</xmax><ymax>395</ymax></bndbox></object><object><name>car</name><bndbox><xmin>182</xmin><ymin>238</ymin><xmax>257</xmax><ymax>395</ymax></bndbox></object><object><name>car</name><bndbox><xmin>266</xmin><ymin>260</ymin><xmax>349</xmax><ymax>411</ymax></bndbox></object><object><name>car</name><bndbox><xmin>463</xmin><ymin>277</ymin><xmax>540</xmax><ymax>437</ymax></bndbox></object><object><name>car</name><bndbox><xmin>542</xmin><ymin>256</ymin><xmax>643</xmax><ymax>424</ymax></bndbox></object><object><name>car</name><bndbox><xmin>720</xmin><ymin>273</ymin><xmax>805</xmax><ymax>410</ymax></bndbox></object><object><name>car</name><bndbox><xmin>613</xmin><ymin>253</ymin><xmax>720</xmax><ymax>415</ymax></bndbox></object><object><name>empty space</name><bndbox><xmin>335</xmin><ymin>251</ymin><xmax>436</xmax><ymax>423</ymax></bndbox></object></annotation>