<annotation><size><width>852</width><height>480</height><depth>3</depth></size><object><name>car</name><bndbox><xmin>687</xmin><ymin>299</ymin><xmax>744</xmax><ymax>394</ymax></bndbox></object><object><name>car</name><bndbox><xmin>627</xmin><ymin>307</ymin><xmax>685</xmax><ymax>388</ymax></bndbox></object><object><name>car</name><bndbox><xmin>584</xmin><ymin>305</ymin><xmax>629</xmax><ymax>386</ymax></bndbox></object><object><name>car</name><bndbox><xmin>519</xmin><ymin>291</ymin><xmax>577</xmax><ymax>403</ymax></bndbox></object><object><name>car</name><bndbox><xmin>408</xmin><ymin>279</ymin><xmax>465</xmax><ymax>384</ymax></bndbox></object><object><name>car</name><bndbox><xmin>348</xmin><ymin>296</ymin><xmax>413</xmax><ymax>395</ymax></bndbox></object><object><name>car</name><bndbox><xmin>298</xmin><ymin>296</ymin><xmax>351</xmax><ymax>389</ymax></bndbox></object><object><name>car</name><bndbox><xmin>252</xmin><ymin>301</ymin><xmax>310</xmax><ymax>394</ymax></bndbox></object><object><name>car</name><bndbox><xmin>192</xmin><ymin>285</ymin><xmax>255</xmax><ymax>390</ymax></bndbox></object><object><name>car</name><bndbox><xmin>143</xmin><ymin>283</ymin><xmax>200</xmax><ymax>381</ymax></bndbox></object><object><name>car</name><bndbox><xmin>83</xmin><ymin>284</ymin><xmax>146</xmax><ymax>368</ymax></bndbox></object><object><name>car</name><bndbox><xmin>37</xmin><ymin>294</ymin><xmax>93</xmax><ymax>381</ymax></bndbox></object><object><name>car</name><bndbox><xmin>61</xmin><ymin>207</ymin><xmax>168</xmax><ymax>264</ymax></bndbox></object><object><name>car</name><bndbox><xmin>806</xmin><ymin>33</ymin><xmax>850</xmax><ymax>128</ymax></bndbox></object><object><name>car</name><bndbox><xmin>747</xmin><ymin>27</ymin><xmax>810</xmax><ymax>136</ymax></bndbox></object><object><name>car</name><bndbox><xmin>695</xmin><ymin>26</ymin><xmax>754</xmax><ymax>126</ymax></bndbox></object><object><name>car</name><bndbox><xmin>638</xmin><ymin>34</ymin><xmax>690</xmax><ymax>132</ymax></bndbox></object><object><name>car</name><bndbox><xmin>589</xmin><ymin>29</ymin><xmax>639</xmax><ymax>116</ymax></bndbox></object><object><name>car</name><bndbox><xmin>526</xmin><ymin>33</ymin><xmax>583</xmax><ymax>138</ymax></bndbox></object><object><name>car</name><bndbox><xmin>472</xmin><ymin>36</ymin><xmax>526</xmax><ymax>124</ymax></bndbox></object><object><name>car</name><bndbox><xmin>415</xmin><ymin>40</ymin><xmax>474</xmax><ymax>131</ymax></bndbox></object><object><name>car</name><bndbox><xmin>359</xmin><ymin>21</ymin><xmax>415</xmax><ymax>120</ymax></bndbox></object><object><name>car</name><bndbox><xmin>300</xmin><ymin>27</ymin><xmax>364</xmax><ymax>125</ymax></bndbox></object><object><name>car</name><bndbox><xmin>250</xmin><ymin>40</ymin><xmax>310</xmax><ymax>134</ymax></bndbox></object><object><name>car</name><bndbox><xmin>194</xmin><ymin>35</ymin><xmax>251</xmax><ymax>120</ymax></bndbox></object><object><name>car</name><bndbox><xmin>126</xmin><ymin>31</ymin><xmax>192</xmax><ymax>118</ymax></bndbox></object><object><name>car</name><bndbox><xmin>85</xmin><ymin>28</ymin><xmax>138</xmax><ymax>112</ymax></bndbox></object><object><name>car</name><bndbox><xmin>40</xmin><ymin>34</ymin><xmax>101</xmax><ymax>125</ymax></bndbox></object><object><name>empty space</name><bndbox><xmin>464</xmin><ymin>281</ymin><xmax>525</xmax><ymax>388</ymax></bndbox></object></annotation>