<annotation><size><width>1200</width><height>800</height><depth>3</depth></size><object><name>car</name><bndbox><xmin>990</xmin><ymin>668</ymin><xmax>1076</xmax><ymax>706</ymax></bndbox></object><object><name>car</name><bndbox><xmin>956</xmin><ymin>631</ymin><xmax>1014</xmax><ymax>683</ymax></bndbox></object><object><name>car</name><bndbox><xmin>868</xmin><ymin>665</ymin><xmax>920</xmax><ymax>696</ymax></bndbox></object><object><name>car</name><bndbox><xmin>875</xmin><ymin>715</ymin><xmax>923</xmax><ymax>744</ymax></bndbox></object><object><name>car</name><bndbox><xmin>1146</xmin><ymin>630</ymin><xmax>1198</xmax><ymax>658</ymax></bndbox></object><object><name>car</name><bndbox><xmin>1153</xmin><ymin>602</ymin><xmax>1197</xmax><ymax>631</ymax></bndbox></object><object><name>car</name><bndbox><xmin>1154</xmin><ymin>575</ymin><xmax>1193</xmax><ymax>600</ymax></bndbox></object><object><name>car</name><bndbox><xmin>1157</xmin><ymin>529</ymin><xmax>1194</xmax><ymax>554</ymax></bndbox></object><object><name>car</name><bndbox><xmin>1160</xmin><ymin>431</ymin><xmax>1195</xmax><ymax>459</ymax></bndbox></object><object><name>car</name><bndbox><xmin>1162</xmin><ymin>408</ymin><xmax>1191</xmax><ymax>427</ymax></bndbox></object><object><name>car</name><bndbox><xmin>1155</xmin><ymin>378</ymin><xmax>1193</xmax><ymax>400</ymax></bndbox></object><object><name>car</name><bndbox><xmin>1156</xmin><ymin>354</ymin><xmax>1193</xmax><ymax>378</ymax></bndbox></object><object><name>car</name><bndbox><xmin>1154</xmin><ymin>332</ymin><xmax>1194</xmax><ymax>358</ymax></bndbox></object><object><name>car</name><bndbox><xmin>1157</xmin><ymin>312</ymin><xmax>1199</xmax><ymax>333</ymax></bndbox></object><object><name>car</name><bndbox><xmin>1148</xmin><ymin>285</ymin><xmax>1199</xmax><ymax>314</ymax></bndbox></object><object><name>car</name><bndbox><xmin>1149</xmin><ymin>249</ymin><xmax>1195</xmax><ymax>280</ymax></bndbox></object><object><name>car</name><bndbox><xmin>1045</xmin><ymin>228</ymin><xmax>1100</xmax><ymax>252</ymax></bndbox></object><object><name>car</name><bndbox><xmin>1151</xmin><ymin>140</ymin><xmax>1194</xmax><ymax>160</ymax></bndbox></object><object><name>car</name><bndbox><xmin>1160</xmin><ymin>118</ymin><xmax>1196</xmax><ymax>141</ymax></bndbox></object><object><name>car</name><bndbox><xmin>1153</xmin><ymin>96</ymin><xmax>1197</xmax><ymax>114</ymax></bndbox></object><object><name>car</name><bndbox><xmin>1153</xmin><ymin>69</ymin><xmax>1195</xmax><ymax>86</ymax></bndbox></object><object><name>car</name><bndbox><xmin>1160</xmin><ymin>42</ymin><xmax>1195</xmax><ymax>66</ymax></bndbox></object><object><name>car</name><bndbox><xmin>1034</xmin><ymin>571</ymin><xmax>1086</xmax><ymax>604</ymax></bndbox></object><object><name>car</name><bndbox><xmin>981</xmin><ymin>556</ymin><xmax>1037</xmax><ymax>577</ymax></bndbox></object><object><name>car</name><bndbox><xmin>980</xmin><ymin>524</ymin><xmax>1028</xmax><ymax>550</ymax></bndbox></object><object><name>car</name><bndbox><xmin>1029</xmin><ymin>501</ymin><xmax>1076</xmax><ymax>531</ymax></bndbox></object><object><name>car</name><bndbox><xmin>1031</xmin><ymin>474</ymin><xmax>1081</xmax><ymax>503</ymax></bndbox></object><object><name>car</name><bndbox><xmin>1030</xmin><ymin>432</ymin><xmax>1089</xmax><ymax>459</ymax></bndbox></object><object><name>car</name><bndbox><xmin>1035</xmin><ymin>407</ymin><xmax>1092</xmax><ymax>430</ymax></bndbox></object><object><name>car</name><bndbox><xmin>1036</xmin><ymin>387</ymin><xmax>1092</xmax><ymax>403</ymax></bndbox></object><object><name>car</name><bndbox><xmin>1042</xmin><ymin>361</ymin><xmax>1104</xmax><ymax>383</ymax></bndbox></object><object><name>car</name><bndbox><xmin>1031</xmin><ymin>286</ymin><xmax>1088</xmax><ymax>313</ymax></bndbox></object><object><name>car</name><bndbox><xmin>1032</xmin><ymin>261</ymin><xmax>1083</xmax><ymax>284</ymax></bndbox></object><object><name>car</name><bndbox><xmin>1042</xmin><ymin>188</ymin><xmax>1108</xmax><ymax>214</ymax></bndbox></object><object><name>car</name><bndbox><xmin>1044</xmin><ymin>164</ymin><xmax>1096</xmax><ymax>187</ymax></bndbox></object><object><name>car</name><bndbox><xmin>1042</xmin><ymin>114</ymin><xmax>1102</xmax><ymax>139</ymax></bndbox></object><object><name>car</name><bndbox><xmin>1035</xmin><ymin>86</ymin><xmax>1099</xmax><ymax>111</ymax></bndbox></object><object><name>car</name><bndbox><xmin>1041</xmin><ymin>60</ymin><xmax>1106</xmax><ymax>85</ymax></bndbox></object><object><name>car</name><bndbox><xmin>1046</xmin><ymin>32</ymin><xmax>1101</xmax><ymax>58</ymax></bndbox></object><object><name>car</name><bndbox><xmin>981</xmin><ymin>35</ymin><xmax>1037</xmax><ymax>63</ymax></bndbox></object><object><name>car</name><bndbox><xmin>988</xmin><ymin>437</ymin><xmax>1036</xmax><ymax>461</ymax></bndbox></object><object><name>car</name><bndbox><xmin>984</xmin><ymin>332</ymin><xmax>1046</xmax><ymax>358</ymax></bndbox></object><object><name>car</name><bndbox><xmin>981</xmin><ymin>286</ymin><xmax>1023</xmax><ymax>309</ymax></bndbox></object><object><name>car</name><bndbox><xmin>975</xmin><ymin>254</ymin><xmax>1030</xmax><ymax>284</ymax></bndbox></object><object><name>car</name><bndbox><xmin>982</xmin><ymin>163</ymin><xmax>1032</xmax><ymax>189</ymax></bndbox></object><object><name>car</name><bndbox><xmin>985</xmin><ymin>143</ymin><xmax>1035</xmax><ymax>166</ymax></bndbox></object><object><name>car</name><bndbox><xmin>990</xmin><ymin>118</ymin><xmax>1035</xmax><ymax>140</ymax></bndbox></object><object><name>car</name><bndbox><xmin>974</xmin><ymin>89</ymin><xmax>1026</xmax><ymax>109</ymax></bndbox></object><object><name>car</name><bndbox><xmin>976</xmin><ymin>68</ymin><xmax>1027</xmax><ymax>85</ymax></bndbox></object><object><name>car</name><bndbox><xmin>863</xmin><ymin>601</ymin><xmax>910</xmax><ymax>619</ymax></bndbox></object><object><name>car</name><bndbox><xmin>868</xmin><ymin>525</ymin><xmax>918</xmax><ymax>549</ymax></bndbox></object><object><name>car</name><bndbox><xmin>860</xmin><ymin>496</ymin><xmax>909</xmax><ymax>522</ymax></bndbox></object><object><name>car</name><bndbox><xmin>859</xmin><ymin>471</ymin><xmax>913</xmax><ymax>497</ymax></bndbox></object><object><name>car</name><bndbox><xmin>861</xmin><ymin>404</ymin><xmax>914</xmax><ymax>429</ymax></bndbox></object><object><name>car</name><bndbox><xmin>855</xmin><ymin>376</ymin><xmax>912</xmax><ymax>405</ymax></bndbox></object><object><name>car</name><bndbox><xmin>862</xmin><ymin>354</ymin><xmax>908</xmax><ymax>374</ymax></bndbox></object><object><name>car</name><bndbox><xmin>858</xmin><ymin>334</ymin><xmax>909</xmax><ymax>355</ymax></bndbox></object><object><name>car</name><bndbox><xmin>860</xmin><ymin>311</ymin><xmax>907</xmax><ymax>334</ymax></bndbox></object><object><name>car</name><bndbox><xmin>861</xmin><ymin>271</ymin><xmax>920</xmax><ymax>293</ymax></bndbox></object><object><name>car</name><bndbox><xmin>861</xmin><ymin>137</ymin><xmax>911</xmax><ymax>159</ymax></bndbox></object><object><name>car</name><bndbox><xmin>866</xmin><ymin>89</ymin><xmax>915</xmax><ymax>114</ymax></bndbox></object><object><name>car</name><bndbox><xmin>864</xmin><ymin>69</ymin><xmax>918</xmax><ymax>84</ymax></bndbox></object><object><name>car</name><bndbox><xmin>862</xmin><ymin>30</ymin><xmax>916</xmax><ymax>58</ymax></bndbox></object><object><name>car</name><bndbox><xmin>804</xmin><ymin>549</ymin><xmax>857</xmax><ymax>574</ymax></bndbox></object><object><name>car</name><bndbox><xmin>799</xmin><ymin>479</ymin><xmax>848</xmax><ymax>502</ymax></bndbox></object><object><name>car</name><bndbox><xmin>803</xmin><ymin>404</ymin><xmax>854</xmax><ymax>430</ymax></bndbox></object><object><name>car</name><bndbox><xmin>798</xmin><ymin>334</ymin><xmax>843</xmax><ymax>355</ymax></bndbox></object><object><name>car</name><bndbox><xmin>797</xmin><ymin>305</ymin><xmax>844</xmax><ymax>324</ymax></bndbox></object><object><name>car</name><bndbox><xmin>794</xmin><ymin>257</ymin><xmax>844</xmax><ymax>280</ymax></bndbox></object><object><name>car</name><bndbox><xmin>798</xmin><ymin>182</ymin><xmax>847</xmax><ymax>202</ymax></bndbox></object><object><name>car</name><bndbox><xmin>802</xmin><ymin>156</ymin><xmax>855</xmax><ymax>177</ymax></bndbox></object><object><name>car</name><bndbox><xmin>799</xmin><ymin>135</ymin><xmax>860</xmax><ymax>155</ymax></bndbox></object><object><name>car</name><bndbox><xmin>803</xmin><ymin>108</ymin><xmax>858</xmax><ymax>132</ymax></bndbox></object><object><name>car</name><bndbox><xmin>681</xmin><ymin>574</ymin><xmax>746</xmax><ymax>601</ymax></bndbox></object><object><name>car</name><bndbox><xmin>696</xmin><ymin>523</ymin><xmax>746</xmax><ymax>550</ymax></bndbox></object><object><name>car</name><bndbox><xmin>630</xmin><ymin>495</ymin><xmax>687</xmax><ymax>521</ymax></bndbox></object><object><name>car</name><bndbox><xmin>690</xmin><ymin>427</ymin><xmax>734</xmax><ymax>450</ymax></bndbox></object><object><name>car</name><bndbox><xmin>696</xmin><ymin>404</ymin><xmax>745</xmax><ymax>426</ymax></bndbox></object><object><name>car</name><bndbox><xmin>705</xmin><ymin>377</ymin><xmax>747</xmax><ymax>399</ymax></bndbox></object><object><name>car</name><bndbox><xmin>689</xmin><ymin>342</ymin><xmax>749</xmax><ymax>361</ymax></bndbox></object><object><name>car</name><bndbox><xmin>632</xmin><ymin>383</ymin><xmax>692</xmax><ymax>402</ymax></bndbox></object><object><name>car</name><bndbox><xmin>631</xmin><ymin>338</ymin><xmax>682</xmax><ymax>357</ymax></bndbox></object><object><name>car</name><bndbox><xmin>637</xmin><ymin>305</ymin><xmax>682</xmax><ymax>328</ymax></bndbox></object><object><name>car</name><bndbox><xmin>692</xmin><ymin>307</ymin><xmax>739</xmax><ymax>337</ymax></bndbox></object><object><name>car</name><bndbox><xmin>694</xmin><ymin>282</ymin><xmax>746</xmax><ymax>302</ymax></bndbox></object><object><name>car</name><bndbox><xmin>692</xmin><ymin>254</ymin><xmax>740</xmax><ymax>274</ymax></bndbox></object><object><name>car</name><bndbox><xmin>634</xmin><ymin>271</ymin><xmax>686</xmax><ymax>295</ymax></bndbox></object><object><name>car</name><bndbox><xmin>621</xmin><ymin>242</ymin><xmax>669</xmax><ymax>268</ymax></bndbox></object><object><name>car</name><bndbox><xmin>695</xmin><ymin>209</ymin><xmax>747</xmax><ymax>233</ymax></bndbox></object><object><name>car</name><bndbox><xmin>696</xmin><ymin>186</ymin><xmax>749</xmax><ymax>205</ymax></bndbox></object><object><name>car</name><bndbox><xmin>704</xmin><ymin>115</ymin><xmax>755</xmax><ymax>138</ymax></bndbox></object><object><name>car</name><bndbox><xmin>631</xmin><ymin>178</ymin><xmax>684</xmax><ymax>200</ymax></bndbox></object><object><name>car</name><bndbox><xmin>628</xmin><ymin>108</ymin><xmax>690</xmax><ymax>135</ymax></bndbox></object><object><name>car</name><bndbox><xmin>629</xmin><ymin>72</ymin><xmax>679</xmax><ymax>98</ymax></bndbox></object><object><name>car</name><bndbox><xmin>693</xmin><ymin>74</ymin><xmax>751</xmax><ymax>97</ymax></bndbox></object><object><name>car</name><bndbox><xmin>696</xmin><ymin>47</ymin><xmax>736</xmax><ymax>66</ymax></bndbox></object><object><name>car</name><bndbox><xmin>636</xmin><ymin>37</ymin><xmax>686</xmax><ymax>62</ymax></bndbox></object><object><name>car</name><bndbox><xmin>523</xmin><ymin>597</ymin><xmax>565</xmax><ymax>617</ymax></bndbox></object><object><name>car</name><bndbox><xmin>519</xmin><ymin>545</ymin><xmax>568</xmax><ymax>573</ymax></bndbox></object><object><name>car</name><bndbox><xmin>519</xmin><ymin>497</ymin><xmax>573</xmax><ymax>526</ymax></bndbox></object><object><name>car</name><bndbox><xmin>519</xmin><ymin>423</ymin><xmax>567</xmax><ymax>448</ymax></bndbox></object><object><name>car</name><bndbox><xmin>511</xmin><ymin>389</ymin><xmax>563</xmax><ymax>415</ymax></bndbox></object><object><name>car</name><bndbox><xmin>518</xmin><ymin>320</ymin><xmax>573</xmax><ymax>352</ymax></bndbox></object><object><name>car</name><bndbox><xmin>524</xmin><ymin>279</ymin><xmax>577</xmax><ymax>306</ymax></bndbox></object><object><name>car</name><bndbox><xmin>524</xmin><ymin>224</ymin><xmax>582</xmax><ymax>250</ymax></bndbox></object><object><name>car</name><bndbox><xmin>522</xmin><ymin>169</ymin><xmax>572</xmax><ymax>195</ymax></bndbox></object><object><name>car</name><bndbox><xmin>508</xmin><ymin>128</ymin><xmax>582</xmax><ymax>158</ymax></bndbox></object><object><name>car</name><bndbox><xmin>517</xmin><ymin>83</ymin><xmax>575</xmax><ymax>106</ymax></bndbox></object><object><name>car</name><bndbox><xmin>508</xmin><ymin>58</ymin><xmax>559</xmax><ymax>79</ymax></bndbox></object><object><name>car</name><bndbox><xmin>509</xmin><ymin>33</ymin><xmax>574</xmax><ymax>54</ymax></bndbox></object><object><name>car</name><bndbox><xmin>463</xmin><ymin>547</ymin><xmax>515</xmax><ymax>568</ymax></bndbox></object><object><name>car</name><bndbox><xmin>465</xmin><ymin>492</ymin><xmax>516</xmax><ymax>518</ymax></bndbox></object><object><name>car</name><bndbox><xmin>460</xmin><ymin>444</ymin><xmax>515</xmax><ymax>467</ymax></bndbox></object><object><name>car</name><bndbox><xmin>454</xmin><ymin>411</ymin><xmax>508</xmax><ymax>441</ymax></bndbox></object><object><name>car</name><bndbox><xmin>461</xmin><ymin>352</ymin><xmax>518</xmax><ymax>382</ymax></bndbox></object><object><name>car</name><bndbox><xmin>456</xmin><ymin>325</ymin><xmax>521</xmax><ymax>354</ymax></bndbox></object><object><name>car</name><bndbox><xmin>460</xmin><ymin>298</ymin><xmax>514</xmax><ymax>327</ymax></bndbox></object><object><name>car</name><bndbox><xmin>462</xmin><ymin>276</ymin><xmax>512</xmax><ymax>300</ymax></bndbox></object><object><name>car</name><bndbox><xmin>459</xmin><ymin>255</ymin><xmax>512</xmax><ymax>278</ymax></bndbox></object><object><name>car</name><bndbox><xmin>459</xmin><ymin>175</ymin><xmax>512</xmax><ymax>202</ymax></bndbox></object><object><name>car</name><bndbox><xmin>456</xmin><ymin>132</ymin><xmax>507</xmax><ymax>155</ymax></bndbox></object><object><name>car</name><bndbox><xmin>429</xmin><ymin>96</ymin><xmax>502</xmax><ymax>123</ymax></bndbox></object><object><name>car</name><bndbox><xmin>442</xmin><ymin>60</ymin><xmax>495</xmax><ymax>82</ymax></bndbox></object><object><name>car</name><bndbox><xmin>431</xmin><ymin>634</ymin><xmax>457</xmax><ymax>681</ymax></bndbox></object><object><name>car</name><bndbox><xmin>345</xmin><ymin>717</ymin><xmax>404</xmax><ymax>749</ymax></bndbox></object><object><name>car</name><bndbox><xmin>352</xmin><ymin>591</ymin><xmax>416</xmax><ymax>624</ymax></bndbox></object><object><name>car</name><bndbox><xmin>298</xmin><ymin>567</ymin><xmax>354</xmax><ymax>591</ymax></bndbox></object><object><name>car</name><bndbox><xmin>342</xmin><ymin>522</ymin><xmax>401</xmax><ymax>557</ymax></bndbox></object><object><name>car</name><bndbox><xmin>280</xmin><ymin>495</ymin><xmax>340</xmax><ymax>520</ymax></bndbox></object><object><name>car</name><bndbox><xmin>340</xmin><ymin>472</ymin><xmax>394</xmax><ymax>500</ymax></bndbox></object><object><name>car</name><bndbox><xmin>344</xmin><ymin>448</ymin><xmax>396</xmax><ymax>474</ymax></bndbox></object><object><name>car</name><bndbox><xmin>344</xmin><ymin>420</ymin><xmax>400</xmax><ymax>448</ymax></bndbox></object><object><name>car</name><bndbox><xmin>350</xmin><ymin>379</ymin><xmax>401</xmax><ymax>406</ymax></bndbox></object><object><name>car</name><bndbox><xmin>336</xmin><ymin>348</ymin><xmax>400</xmax><ymax>377</ymax></bndbox></object><object><name>car</name><bndbox><xmin>339</xmin><ymin>322</ymin><xmax>408</xmax><ymax>348</ymax></bndbox></object><object><name>car</name><bndbox><xmin>344</xmin><ymin>300</ymin><xmax>400</xmax><ymax>325</ymax></bndbox></object><object><name>car</name><bndbox><xmin>340</xmin><ymin>255</ymin><xmax>393</xmax><ymax>283</ymax></bndbox></object><object><name>car</name><bndbox><xmin>339</xmin><ymin>231</ymin><xmax>393</xmax><ymax>252</ymax></bndbox></object><object><name>car</name><bndbox><xmin>342</xmin><ymin>200</ymin><xmax>395</xmax><ymax>229</ymax></bndbox></object><object><name>car</name><bndbox><xmin>342</xmin><ymin>168</ymin><xmax>391</xmax><ymax>196</ymax></bndbox></object><object><name>car</name><bndbox><xmin>341</xmin><ymin>146</ymin><xmax>402</xmax><ymax>164</ymax></bndbox></object><object><name>car</name><bndbox><xmin>340</xmin><ymin>108</ymin><xmax>388</xmax><ymax>133</ymax></bndbox></object><object><name>car</name><bndbox><xmin>338</xmin><ymin>84</ymin><xmax>395</xmax><ymax>110</ymax></bndbox></object><object><name>car</name><bndbox><xmin>337</xmin><ymin>32</ymin><xmax>394</xmax><ymax>54</ymax></bndbox></object><object><name>car</name><bndbox><xmin>289</xmin><ymin>469</ymin><xmax>340</xmax><ymax>496</ymax></bndbox></object><object><name>car</name><bndbox><xmin>285</xmin><ymin>426</ymin><xmax>335</xmax><ymax>449</ymax></bndbox></object><object><name>car</name><bndbox><xmin>286</xmin><ymin>373</ymin><xmax>334</xmax><ymax>401</ymax></bndbox></object><object><name>car</name><bndbox><xmin>287</xmin><ymin>344</ymin><xmax>340</xmax><ymax>370</ymax></bndbox></object><object><name>car</name><bndbox><xmin>292</xmin><ymin>301</ymin><xmax>348</xmax><ymax>327</ymax></bndbox></object><object><name>car</name><bndbox><xmin>293</xmin><ymin>274</ymin><xmax>340</xmax><ymax>301</ymax></bndbox></object><object><name>car</name><bndbox><xmin>289</xmin><ymin>251</ymin><xmax>342</xmax><ymax>279</ymax></bndbox></object><object><name>car</name><bndbox><xmin>283</xmin><ymin>145</ymin><xmax>335</xmax><ymax>175</ymax></bndbox></object><object><name>car</name><bndbox><xmin>272</xmin><ymin>86</ymin><xmax>329</xmax><ymax>108</ymax></bndbox></object><object><name>car</name><bndbox><xmin>279</xmin><ymin>59</ymin><xmax>329</xmax><ymax>83</ymax></bndbox></object><object><name>car</name><bndbox><xmin>257</xmin><ymin>24</ymin><xmax>308</xmax><ymax>60</ymax></bndbox></object><object><name>car</name><bndbox><xmin>162</xmin><ymin>668</ymin><xmax>227</xmax><ymax>688</ymax></bndbox></object><object><name>car</name><bndbox><xmin>101</xmin><ymin>735</ymin><xmax>168</xmax><ymax>762</ymax></bndbox></object><object><name>car</name><bndbox><xmin>107</xmin><ymin>610</ymin><xmax>186</xmax><ymax>643</ymax></bndbox></object><object><name>car</name><bndbox><xmin>114</xmin><ymin>543</ymin><xmax>168</xmax><ymax>569</ymax></bndbox></object><object><name>car</name><bndbox><xmin>170</xmin><ymin>521</ymin><xmax>227</xmax><ymax>546</ymax></bndbox></object><object><name>car</name><bndbox><xmin>168</xmin><ymin>491</ymin><xmax>224</xmax><ymax>516</ymax></bndbox></object><object><name>car</name><bndbox><xmin>107</xmin><ymin>493</ymin><xmax>165</xmax><ymax>517</ymax></bndbox></object><object><name>car</name><bndbox><xmin>146</xmin><ymin>459</ymin><xmax>209</xmax><ymax>487</ymax></bndbox></object><object><name>car</name><bndbox><xmin>175</xmin><ymin>401</ymin><xmax>221</xmax><ymax>429</ymax></bndbox></object><object><name>car</name><bndbox><xmin>172</xmin><ymin>354</ymin><xmax>223</xmax><ymax>376</ymax></bndbox></object><object><name>car</name><bndbox><xmin>166</xmin><ymin>276</ymin><xmax>229</xmax><ymax>296</ymax></bndbox></object><object><name>car</name><bndbox><xmin>163</xmin><ymin>245</ymin><xmax>215</xmax><ymax>270</ymax></bndbox></object><object><name>car</name><bndbox><xmin>173</xmin><ymin>159</ymin><xmax>219</xmax><ymax>184</ymax></bndbox></object><object><name>car</name><bndbox><xmin>165</xmin><ymin>132</ymin><xmax>224</xmax><ymax>153</ymax></bndbox></object><object><name>car</name><bndbox><xmin>167</xmin><ymin>103</ymin><xmax>222</xmax><ymax>134</ymax></bndbox></object><object><name>car</name><bndbox><xmin>117</xmin><ymin>133</ymin><xmax>166</xmax><ymax>160</ymax></bndbox></object><object><name>car</name><bndbox><xmin>117</xmin><ymin>369</ymin><xmax>172</xmax><ymax>396</ymax></bndbox></object><object><name>car</name><bndbox><xmin>110</xmin><ymin>301</ymin><xmax>166</xmax><ymax>322</ymax></bndbox></object><object><name>car</name><bndbox><xmin>91</xmin><ymin>248</ymin><xmax>163</xmax><ymax>283</ymax></bndbox></object><object><name>car</name><bndbox><xmin>112</xmin><ymin>156</ymin><xmax>166</xmax><ymax>185</ymax></bndbox></object><object><name>car</name><bndbox><xmin>214</xmin><ymin>54</ymin><xmax>245</xmax><ymax>101</ymax></bndbox></object><object><name>car</name><bndbox><xmin>152</xmin><ymin>32</ymin><xmax>213</xmax><ymax>65</ymax></bndbox></object><object><name>car</name><bndbox><xmin>105</xmin><ymin>87</ymin><xmax>168</xmax><ymax>114</ymax></bndbox></object><object><name>car</name><bndbox><xmin>106</xmin><ymin>58</ymin><xmax>164</xmax><ymax>80</ymax></bndbox></object><object><name>car</name><bndbox><xmin>93</xmin><ymin>31</ymin><xmax>156</xmax><ymax>64</ymax></bndbox></object><object><name>car</name><bndbox><xmin>0</xmin><ymin>30</ymin><xmax>67</xmax><ymax>69</ymax></bndbox></object><object><name>car</name><bndbox><xmin>5</xmin><ymin>108</ymin><xmax>54</xmax><ymax>130</ymax></bndbox></object><object><name>car</name><bndbox><xmin>64</xmin><ymin>113</ymin><xmax>107</xmax><ymax>168</ymax></bndbox></object><object><name>car</name><bndbox><xmin>3</xmin><ymin>152</ymin><xmax>55</xmax><ymax>181</ymax></bndbox></object><object><name>car</name><bndbox><xmin>13</xmin><ymin>214</ymin><xmax>71</xmax><ymax>249</ymax></bndbox></object><object><name>car</name><bndbox><xmin>2</xmin><ymin>275</ymin><xmax>57</xmax><ymax>297</ymax></bndbox></object><object><name>car</name><bndbox><xmin>6</xmin><ymin>311</ymin><xmax>50</xmax><ymax>333</ymax></bndbox></object><object><name>car</name><bndbox><xmin>6</xmin><ymin>490</ymin><xmax>54</xmax><ymax>516</ymax></bndbox></object><object><name>car</name><bndbox><xmin>4</xmin><ymin>414</ymin><xmax>55</xmax><ymax>446</ymax></bndbox></object></annotation>