<annotation><size><width>1024</width><height>766</height><depth>3</depth></size><object><name>car</name><bndbox><xmin>884</xmin><ymin>51</ymin><xmax>1021</xmax><ymax>477</ymax></bndbox></object><object><name>car</name><bndbox><xmin>686</xmin><ymin>34</ymin><xmax>846</xmax><ymax>407</ymax></bndbox></object><object><name>car</name><bndbox><xmin>295</xmin><ymin>48</ymin><xmax>465</xmax><ymax>368</ymax></bndbox></object><object><name>car</name><bndbox><xmin>113</xmin><ymin>56</ymin><xmax>270</xmax><ymax>387</ymax></bndbox></object><object><name>car</name><bndbox><xmin>5</xmin><ymin>49</ymin><xmax>83</xmax><ymax>383</ymax></bndbox></object><object><name>empty space</name><bndbox><xmin>472</xmin><ymin>47</ymin><xmax>678</xmax><ymax>458</ymax></bndbox></object></annotation>