<annotation><size><width>450</width><height>320</height><depth>3</depth></size><object><name>car</name><bndbox><xmin>103</xmin><ymin>88</ymin><xmax>126</xmax><ymax>100</ymax></bndbox></object><object><name>car</name><bndbox><xmin>129</xmin><ymin>80</ymin><xmax>153</xmax><ymax>92</ymax></bndbox></object><object><name>car</name><bndbox><xmin>152</xmin><ymin>74</ymin><xmax>175</xmax><ymax>84</ymax></bndbox></object><object><name>car</name><bndbox><xmin>183</xmin><ymin>79</ymin><xmax>208</xmax><ymax>87</ymax></bndbox></object><object><name>car</name><bndbox><xmin>217</xmin><ymin>62</ymin><xmax>240</xmax><ymax>75</ymax></bndbox></object><object><name>car</name><bndbox><xmin>221</xmin><ymin>50</ymin><xmax>243</xmax><ymax>61</ymax></bndbox></object><object><name>car</name><bndbox><xmin>33</xmin><ymin>163</ymin><xmax>53</xmax><ymax>186</ymax></bndbox></object><object><name>car</name><bndbox><xmin>60</xmin><ymin>154</ymin><xmax>83</xmax><ymax>175</ymax></bndbox></object><object><name>car</name><bndbox><xmin>84</xmin><ymin>146</ymin><xmax>107</xmax><ymax>162</ymax></bndbox></object><object><name>car</name><bndbox><xmin>74</xmin><ymin>150</ymin><xmax>96</xmax><ymax>169</ymax></bndbox></object><object><name>car</name><bndbox><xmin>48</xmin><ymin>161</ymin><xmax>71</xmax><ymax>183</ymax></bndbox></object><object><name>car</name><bndbox><xmin>97</xmin><ymin>136</ymin><xmax>115</xmax><ymax>156</ymax></bndbox></object><object><name>car</name><bndbox><xmin>119</xmin><ymin>130</ymin><xmax>140</xmax><ymax>148</ymax></bndbox></object><object><name>car</name><bndbox><xmin>108</xmin><ymin>134</ymin><xmax>129</xmax><ymax>151</ymax></bndbox></object><object><name>car</name><bndbox><xmin>133</xmin><ymin>123</ymin><xmax>153</xmax><ymax>143</ymax></bndbox></object><object><name>car</name><bndbox><xmin>152</xmin><ymin>117</ymin><xmax>174</xmax><ymax>136</ymax></bndbox></object><object><name>car</name><bndbox><xmin>164</xmin><ymin>112</ymin><xmax>184</xmax><ymax>131</ymax></bndbox></object><object><name>car</name><bndbox><xmin>186</xmin><ymin>105</ymin><xmax>209</xmax><ymax>121</ymax></bndbox></object><object><name>car</name><bndbox><xmin>195</xmin><ymin>99</ymin><xmax>216</xmax><ymax>119</ymax></bndbox></object><object><name>car</name><bndbox><xmin>207</xmin><ymin>96</ymin><xmax>226</xmax><ymax>113</ymax></bndbox></object><object><name>car</name><bndbox><xmin>214</xmin><ymin>89</ymin><xmax>234</xmax><ymax>110</ymax></bndbox></object><object><name>car</name><bndbox><xmin>241</xmin><ymin>107</ymin><xmax>266</xmax><ymax>120</ymax></bndbox></object><object><name>car</name><bndbox><xmin>210</xmin><ymin>119</ymin><xmax>239</xmax><ymax>132</ymax></bndbox></object><object><name>car</name><bndbox><xmin>188</xmin><ymin>131</ymin><xmax>211</xmax><ymax>145</ymax></bndbox></object><object><name>car</name><bndbox><xmin>147</xmin><ymin>146</ymin><xmax>180</xmax><ymax>157</ymax></bndbox></object><object><name>car</name><bndbox><xmin>115</xmin><ymin>157</ymin><xmax>145</xmax><ymax>174</ymax></bndbox></object><object><name>car</name><bndbox><xmin>87</xmin><ymin>170</ymin><xmax>115</xmax><ymax>186</ymax></bndbox></object><object><name>car</name><bndbox><xmin>263</xmin><ymin>98</ymin><xmax>288</xmax><ymax>112</ymax></bndbox></object><object><name>car</name><bndbox><xmin>324</xmin><ymin>60</ymin><xmax>339</xmax><ymax>79</ymax></bndbox></object><object><name>car</name><bndbox><xmin>325</xmin><ymin>77</ymin><xmax>342</xmax><ymax>93</ymax></bndbox></object><object><name>car</name><bndbox><xmin>325</xmin><ymin>90</ymin><xmax>343</xmax><ymax>110</ymax></bndbox></object><object><name>car</name><bndbox><xmin>303</xmin><ymin>109</ymin><xmax>320</xmax><ymax>129</ymax></bndbox></object><object><name>car</name><bndbox><xmin>299</xmin><ymin>145</ymin><xmax>317</xmax><ymax>169</ymax></bndbox></object><object><name>car</name><bndbox><xmin>300</xmin><ymin>126</ymin><xmax>320</xmax><ymax>148</ymax></bndbox></object><object><name>car</name><bndbox><xmin>255</xmin><ymin>160</ymin><xmax>280</xmax><ymax>185</ymax></bndbox></object><object><name>car</name><bndbox><xmin>281</xmin><ymin>189</ymin><xmax>307</xmax><ymax>204</ymax></bndbox></object><object><name>car</name><bndbox><xmin>234</xmin><ymin>213</ymin><xmax>264</xmax><ymax>229</ymax></bndbox></object><object><name>car</name><bndbox><xmin>207</xmin><ymin>224</ymin><xmax>241</xmax><ymax>243</ymax></bndbox></object><object><name>car</name><bndbox><xmin>164</xmin><ymin>241</ymin><xmax>206</xmax><ymax>263</ymax></bndbox></object><object><name>car</name><bndbox><xmin>134</xmin><ymin>257</ymin><xmax>174</xmax><ymax>275</ymax></bndbox></object><object><name>car</name><bndbox><xmin>44</xmin><ymin>214</ymin><xmax>72</xmax><ymax>238</ymax></bndbox></object><object><name>car</name><bndbox><xmin>74</xmin><ymin>206</ymin><xmax>99</xmax><ymax>226</ymax></bndbox></object><object><name>car</name><bndbox><xmin>89</xmin><ymin>199</ymin><xmax>113</xmax><ymax>222</ymax></bndbox></object><object><name>car</name><bndbox><xmin>105</xmin><ymin>193</ymin><xmax>128</xmax><ymax>215</ymax></bndbox></object><object><name>car</name><bndbox><xmin>117</xmin><ymin>187</ymin><xmax>141</xmax><ymax>208</ymax></bndbox></object><object><name>car</name><bndbox><xmin>155</xmin><ymin>173</ymin><xmax>177</xmax><ymax>189</ymax></bndbox></object><object><name>car</name><bndbox><xmin>167</xmin><ymin>167</ymin><xmax>193</xmax><ymax>189</ymax></bndbox></object><object><name>car</name><bndbox><xmin>-19</xmin><ymin>-6</ymin><xmax>5</xmax><ymax>12</ymax></bndbox></object><object><name>car</name><bndbox><xmin>-8</xmin><ymin>-13</ymin><xmax>19</xmax><ymax>6</ymax></bndbox></object><object><name>car</name><bndbox><xmin>202</xmin><ymin>152</ymin><xmax>227</xmax><ymax>167</ymax></bndbox></object></annotation>