<annotation><size><width>1600</width><height>953</height><depth>3</depth></size><object><name>car</name><bndbox><xmin>138</xmin><ymin>17</ymin><xmax>274</xmax><ymax>98</ymax></bndbox></object><object><name>car</name><bndbox><xmin>121</xmin><ymin>81</ymin><xmax>249</xmax><ymax>162</ymax></bndbox></object><object><name>car</name><bndbox><xmin>99</xmin><ymin>172</ymin><xmax>223</xmax><ymax>233</ymax></bndbox></object><object><name>car</name><bndbox><xmin>95</xmin><ymin>238</ymin><xmax>241</xmax><ymax>306</ymax></bndbox></object><object><name>car</name><bndbox><xmin>49</xmin><ymin>305</ymin><xmax>206</xmax><ymax>387</ymax></bndbox></object><object><name>car</name><bndbox><xmin>69</xmin><ymin>400</ymin><xmax>197</xmax><ymax>464</ymax></bndbox></object><object><name>car</name><bndbox><xmin>24</xmin><ymin>728</ymin><xmax>144</xmax><ymax>805</ymax></bndbox></object><object><name>car</name><bndbox><xmin>182</xmin><ymin>733</ymin><xmax>261</xmax><ymax>849</ymax></bndbox></object><object><name>car</name><bndbox><xmin>18</xmin><ymin>655</ymin><xmax>156</xmax><ymax>728</ymax></bndbox></object><object><name>car</name><bndbox><xmin>399</xmin><ymin>432</ymin><xmax>540</xmax><ymax>500</ymax></bndbox></object><object><name>car</name><bndbox><xmin>407</xmin><ymin>348</ymin><xmax>549</xmax><ymax>425</ymax></bndbox></object><object><name>car</name><bndbox><xmin>417</xmin><ymin>276</ymin><xmax>559</xmax><ymax>352</ymax></bndbox></object><object><name>car</name><bndbox><xmin>450</xmin><ymin>201</ymin><xmax>588</xmax><ymax>282</ymax></bndbox></object><object><name>car</name><bndbox><xmin>463</xmin><ymin>129</ymin><xmax>587</xmax><ymax>199</ymax></bndbox></object><object><name>car</name><bndbox><xmin>467</xmin><ymin>48</ymin><xmax>608</xmax><ymax>122</ymax></bndbox></object><object><name>car</name><bndbox><xmin>611</xmin><ymin>3</ymin><xmax>747</xmax><ymax>65</ymax></bndbox></object><object><name>car</name><bndbox><xmin>611</xmin><ymin>80</ymin><xmax>729</xmax><ymax>150</ymax></bndbox></object><object><name>car</name><bndbox><xmin>599</xmin><ymin>160</ymin><xmax>729</xmax><ymax>223</ymax></bndbox></object><object><name>car</name><bndbox><xmin>591</xmin><ymin>237</ymin><xmax>716</xmax><ymax>297</ymax></bndbox></object><object><name>car</name><bndbox><xmin>572</xmin><ymin>308</ymin><xmax>697</xmax><ymax>377</ymax></bndbox></object><object><name>car</name><bndbox><xmin>560</xmin><ymin>377</ymin><xmax>680</xmax><ymax>444</ymax></bndbox></object><object><name>car</name><bndbox><xmin>565</xmin><ymin>465</ymin><xmax>684</xmax><ymax>530</ymax></bndbox></object><object><name>car</name><bndbox><xmin>408</xmin><ymin>505</ymin><xmax>536</xmax><ymax>574</ymax></bndbox></object><object><name>car</name><bndbox><xmin>357</xmin><ymin>782</ymin><xmax>483</xmax><ymax>843</ymax></bndbox></object><object><name>car</name><bndbox><xmin>758</xmin><ymin>742</ymin><xmax>807</xmax><ymax>851</ymax></bndbox></object><object><name>car</name><bndbox><xmin>966</xmin><ymin>53</ymin><xmax>1082</xmax><ymax>112</ymax></bndbox></object><object><name>car</name><bndbox><xmin>1095</xmin><ymin>77</ymin><xmax>1233</xmax><ymax>144</ymax></bndbox></object><object><name>car</name><bndbox><xmin>957</xmin><ymin>127</ymin><xmax>1087</xmax><ymax>202</ymax></bndbox></object><object><name>car</name><bndbox><xmin>1092</xmin><ymin>149</ymin><xmax>1223</xmax><ymax>210</ymax></bndbox></object><object><name>car</name><bndbox><xmin>946</xmin><ymin>207</ymin><xmax>1068</xmax><ymax>275</ymax></bndbox></object><object><name>car</name><bndbox><xmin>1081</xmin><ymin>227</ymin><xmax>1217</xmax><ymax>301</ymax></bndbox></object><object><name>car</name><bndbox><xmin>949</xmin><ymin>279</ymin><xmax>1063</xmax><ymax>341</ymax></bndbox></object><object><name>car</name><bndbox><xmin>942</xmin><ymin>361</ymin><xmax>1061</xmax><ymax>423</ymax></bndbox></object><object><name>car</name><bndbox><xmin>917</xmin><ymin>430</ymin><xmax>1045</xmax><ymax>495</ymax></bndbox></object><object><name>car</name><bndbox><xmin>923</xmin><ymin>508</ymin><xmax>1028</xmax><ymax>573</ymax></bndbox></object><object><name>car</name><bndbox><xmin>867</xmin><ymin>571</ymin><xmax>1019</xmax><ymax>647</ymax></bndbox></object><object><name>car</name><bndbox><xmin>1036</xmin><ymin>531</ymin><xmax>1170</xmax><ymax>605</ymax></bndbox></object><object><name>car</name><bndbox><xmin>1027</xmin><ymin>602</ymin><xmax>1159</xmax><ymax>669</ymax></bndbox></object><object><name>car</name><bndbox><xmin>1050</xmin><ymin>451</ymin><xmax>1191</xmax><ymax>523</ymax></bndbox></object><object><name>car</name><bndbox><xmin>1072</xmin><ymin>380</ymin><xmax>1194</xmax><ymax>449</ymax></bndbox></object><object><name>car</name><bndbox><xmin>1086</xmin><ymin>309</ymin><xmax>1213</xmax><ymax>373</ymax></bndbox></object><object><name>car</name><bndbox><xmin>1134</xmin><ymin>6</ymin><xmax>1259</xmax><ymax>71</ymax></bndbox></object><object><name>car</name><bndbox><xmin>493</xmin><ymin>787</ymin><xmax>623</xmax><ymax>854</ymax></bndbox></object><object><name>car</name><bndbox><xmin>859</xmin><ymin>780</ymin><xmax>977</xmax><ymax>839</ymax></bndbox></object><object><name>car</name><bndbox><xmin>1383</xmin><ymin>582</ymin><xmax>1457</xmax><ymax>640</ymax></bndbox></object><object><name>car</name><bndbox><xmin>1382</xmin><ymin>502</ymin><xmax>1452</xmax><ymax>558</ymax></bndbox></object><object><name>car</name><bndbox><xmin>1397</xmin><ymin>424</ymin><xmax>1453</xmax><ymax>481</ymax></bndbox></object><object><name>car</name><bndbox><xmin>1410</xmin><ymin>347</ymin><xmax>1450</xmax><ymax>400</ymax></bndbox></object><object><name>car</name><bndbox><xmin>992</xmin><ymin>796</ymin><xmax>1123</xmax><ymax>854</ymax></bndbox></object><object><name>tree</name><bndbox><xmin>229</xmin><ymin>507</ymin><xmax>479</xmax><ymax>760</ymax></bndbox></object><object><name>tree</name><bndbox><xmin>454</xmin><ymin>537</ymin><xmax>739</xmax><ymax>794</ymax></bndbox></object><object><name>tree</name><bndbox><xmin>811</xmin><ymin>612</ymin><xmax>1009</xmax><ymax>791</ymax></bndbox></object><object><name>tree</name><bndbox><xmin>1047</xmin><ymin>638</ymin><xmax>1239</xmax><ymax>809</ymax></bndbox></object><object><name>tree</name><bndbox><xmin>0</xmin><ymin>396</ymin><xmax>207</xmax><ymax>705</ymax></bndbox></object></annotation>