<annotation><size><width>4000</width><height>2252</height><depth>3</depth></size><object><name>car</name><bndbox><xmin>3768</xmin><ymin>2105</ymin><xmax>3939</xmax><ymax>2177</ymax></bndbox></object><object><name>car</name><bndbox><xmin>3749</xmin><ymin>1990</ymin><xmax>3980</xmax><ymax>2089</ymax></bndbox></object><object><name>car</name><bndbox><xmin>3772</xmin><ymin>1893</ymin><xmax>3942</xmax><ymax>1965</ymax></bndbox></object><object><name>car</name><bndbox><xmin>3753</xmin><ymin>1795</ymin><xmax>3930</xmax><ymax>1870</ymax></bndbox></object><object><name>car</name><bndbox><xmin>3729</xmin><ymin>1699</ymin><xmax>3920</xmax><ymax>1783</ymax></bndbox></object><object><name>car</name><bndbox><xmin>3720</xmin><ymin>1586</ymin><xmax>3897</xmax><ymax>1662</ymax></bndbox></object><object><name>car</name><bndbox><xmin>3721</xmin><ymin>1494</ymin><xmax>3903</xmax><ymax>1572</ymax></bndbox></object><object><name>car</name><bndbox><xmin>3718</xmin><ymin>1396</ymin><xmax>3882</xmax><ymax>1468</ymax></bndbox></object><object><name>car</name><bndbox><xmin>3564</xmin><ymin>2088</ymin><xmax>3746</xmax><ymax>2176</ymax></bndbox></object><object><name>car</name><bndbox><xmin>3556</xmin><ymin>1977</ymin><xmax>3723</xmax><ymax>2049</ymax></bndbox></object><object><name>car</name><bndbox><xmin>3568</xmin><ymin>1871</ymin><xmax>3750</xmax><ymax>1954</ymax></bndbox></object><object><name>car</name><bndbox><xmin>3565</xmin><ymin>1791</ymin><xmax>3735</xmax><ymax>1864</ymax></bndbox></object><object><name>car</name><bndbox><xmin>3550</xmin><ymin>1695</ymin><xmax>3734</xmax><ymax>1773</ymax></bndbox></object><object><name>car</name><bndbox><xmin>3536</xmin><ymin>1600</ymin><xmax>3710</xmax><ymax>1675</ymax></bndbox></object><object><name>car</name><bndbox><xmin>3536</xmin><ymin>1513</ymin><xmax>3704</xmax><ymax>1588</ymax></bndbox></object><object><name>car</name><bndbox><xmin>3533</xmin><ymin>1416</ymin><xmax>3708</xmax><ymax>1493</ymax></bndbox></object><object><name>car</name><bndbox><xmin>3166</xmin><ymin>2151</ymin><xmax>3377</xmax><ymax>2234</ymax></bndbox></object><object><name>car</name><bndbox><xmin>3169</xmin><ymin>2062</ymin><xmax>3319</xmax><ymax>2121</ymax></bndbox></object><object><name>car</name><bndbox><xmin>3158</xmin><ymin>1960</ymin><xmax>3341</xmax><ymax>2049</ymax></bndbox></object><object><name>car</name><bndbox><xmin>3165</xmin><ymin>1868</ymin><xmax>3329</xmax><ymax>1937</ymax></bndbox></object><object><name>car</name><bndbox><xmin>3157</xmin><ymin>1746</ymin><xmax>3321</xmax><ymax>1840</ymax></bndbox></object><object><name>car</name><bndbox><xmin>3154</xmin><ymin>1507</ymin><xmax>3332</xmax><ymax>1583</ymax></bndbox></object><object><name>car</name><bndbox><xmin>3152</xmin><ymin>1412</ymin><xmax>3338</xmax><ymax>1491</ymax></bndbox></object><object><name>car</name><bndbox><xmin>2969</xmin><ymin>2163</ymin><xmax>3164</xmax><ymax>2236</ymax></bndbox></object><object><name>car</name><bndbox><xmin>2987</xmin><ymin>2049</ymin><xmax>3177</xmax><ymax>2130</ymax></bndbox></object><object><name>car</name><bndbox><xmin>2958</xmin><ymin>1947</ymin><xmax>3152</xmax><ymax>2034</ymax></bndbox></object><object><name>car</name><bndbox><xmin>2958</xmin><ymin>1857</ymin><xmax>3140</xmax><ymax>1928</ymax></bndbox></object><object><name>car</name><bndbox><xmin>2946</xmin><ymin>1751</ymin><xmax>3144</xmax><ymax>1831</ymax></bndbox></object><object><name>car</name><bndbox><xmin>2963</xmin><ymin>1624</ymin><xmax>3300</xmax><ymax>1736</ymax></bndbox></object><object><name>car</name><bndbox><xmin>2986</xmin><ymin>1517</ymin><xmax>3158</xmax><ymax>1583</ymax></bndbox></object><object><name>car</name><bndbox><xmin>2980</xmin><ymin>1407</ymin><xmax>3141</xmax><ymax>1488</ymax></bndbox></object><object><name>car</name><bndbox><xmin>2610</xmin><ymin>2210</ymin><xmax>2768</xmax><ymax>2242</ymax></bndbox></object><object><name>car</name><bndbox><xmin>2597</xmin><ymin>2106</ymin><xmax>2775</xmax><ymax>2192</ymax></bndbox></object><object><name>car</name><bndbox><xmin>2595</xmin><ymin>2009</ymin><xmax>2790</xmax><ymax>2098</ymax></bndbox></object><object><name>car</name><bndbox><xmin>2606</xmin><ymin>1925</ymin><xmax>2768</xmax><ymax>1992</ymax></bndbox></object><object><name>car</name><bndbox><xmin>2601</xmin><ymin>1820</ymin><xmax>2781</xmax><ymax>1899</ymax></bndbox></object><object><name>car</name><bndbox><xmin>2596</xmin><ymin>1705</ymin><xmax>2742</xmax><ymax>1790</ymax></bndbox></object><object><name>car</name><bndbox><xmin>2586</xmin><ymin>1615</ymin><xmax>2754</xmax><ymax>1695</ymax></bndbox></object><object><name>car</name><bndbox><xmin>2586</xmin><ymin>1526</ymin><xmax>2757</xmax><ymax>1594</ymax></bndbox></object><object><name>car</name><bndbox><xmin>2586</xmin><ymin>1433</ymin><xmax>2780</xmax><ymax>1497</ymax></bndbox></object><object><name>car</name><bndbox><xmin>2415</xmin><ymin>2117</ymin><xmax>2598</xmax><ymax>2185</ymax></bndbox></object><object><name>car</name><bndbox><xmin>2433</xmin><ymin>2016</ymin><xmax>2575</xmax><ymax>2083</ymax></bndbox></object><object><name>car</name><bndbox><xmin>2444</xmin><ymin>1918</ymin><xmax>2586</xmax><ymax>1994</ymax></bndbox></object><object><name>car</name><bndbox><xmin>2430</xmin><ymin>1820</ymin><xmax>2596</xmax><ymax>1896</ymax></bndbox></object><object><name>car</name><bndbox><xmin>2432</xmin><ymin>1701</ymin><xmax>2579</xmax><ymax>1770</ymax></bndbox></object><object><name>car</name><bndbox><xmin>2428</xmin><ymin>1620</ymin><xmax>2577</xmax><ymax>1691</ymax></bndbox></object><object><name>car</name><bndbox><xmin>2385</xmin><ymin>1540</ymin><xmax>2565</xmax><ymax>1615</ymax></bndbox></object><object><name>car</name><bndbox><xmin>2404</xmin><ymin>1412</ymin><xmax>2574</xmax><ymax>1505</ymax></bndbox></object><object><name>car</name><bndbox><xmin>3714</xmin><ymin>1315</ymin><xmax>3887</xmax><ymax>1380</ymax></bndbox></object><object><name>car</name><bndbox><xmin>3731</xmin><ymin>1233</ymin><xmax>3896</xmax><ymax>1303</ymax></bndbox></object><object><name>car</name><bndbox><xmin>3725</xmin><ymin>1135</ymin><xmax>3927</xmax><ymax>1219</ymax></bndbox></object><object><name>car</name><bndbox><xmin>3721</xmin><ymin>1037</ymin><xmax>3915</xmax><ymax>1120</ymax></bndbox></object><object><name>car</name><bndbox><xmin>3714</xmin><ymin>947</ymin><xmax>3884</xmax><ymax>1015</ymax></bndbox></object><object><name>car</name><bndbox><xmin>3717</xmin><ymin>858</ymin><xmax>3887</xmax><ymax>923</ymax></bndbox></object><object><name>car</name><bndbox><xmin>3718</xmin><ymin>772</ymin><xmax>3897</xmax><ymax>849</ymax></bndbox></object><object><name>car</name><bndbox><xmin>3697</xmin><ymin>682</ymin><xmax>3869</xmax><ymax>762</ymax></bndbox></object><object><name>car</name><bndbox><xmin>3695</xmin><ymin>600</ymin><xmax>3845</xmax><ymax>673</ymax></bndbox></object><object><name>car</name><bndbox><xmin>3681</xmin><ymin>482</ymin><xmax>3892</xmax><ymax>582</ymax></bndbox></object><object><name>car</name><bndbox><xmin>3679</xmin><ymin>387</ymin><xmax>3860</xmax><ymax>464</ymax></bndbox></object><object><name>car</name><bndbox><xmin>3672</xmin><ymin>271</ymin><xmax>3845</xmax><ymax>347</ymax></bndbox></object><object><name>car</name><bndbox><xmin>3682</xmin><ymin>171</ymin><xmax>3841</xmax><ymax>238</ymax></bndbox></object><object><name>car</name><bndbox><xmin>3681</xmin><ymin>68</ymin><xmax>3851</xmax><ymax>163</ymax></bndbox></object><object><name>car</name><bndbox><xmin>3519</xmin><ymin>1316</ymin><xmax>3709</xmax><ymax>1390</ymax></bndbox></object><object><name>car</name><bndbox><xmin>3548</xmin><ymin>1218</ymin><xmax>3711</xmax><ymax>1289</ymax></bndbox></object><object><name>car</name><bndbox><xmin>3525</xmin><ymin>1146</ymin><xmax>3707</xmax><ymax>1216</ymax></bndbox></object><object><name>car</name><bndbox><xmin>3536</xmin><ymin>1056</ymin><xmax>3702</xmax><ymax>1126</ymax></bndbox></object><object><name>car</name><bndbox><xmin>3527</xmin><ymin>971</ymin><xmax>3691</xmax><ymax>1043</ymax></bndbox></object><object><name>car</name><bndbox><xmin>3531</xmin><ymin>871</ymin><xmax>3706</xmax><ymax>959</ymax></bndbox></object><object><name>car</name><bndbox><xmin>3535</xmin><ymin>769</ymin><xmax>3716</xmax><ymax>852</ymax></bndbox></object><object><name>car</name><bndbox><xmin>3522</xmin><ymin>675</ymin><xmax>3680</xmax><ymax>756</ymax></bndbox></object><object><name>car</name><bndbox><xmin>3502</xmin><ymin>545</ymin><xmax>3663</xmax><ymax>622</ymax></bndbox></object><object><name>car</name><bndbox><xmin>3515</xmin><ymin>458</ymin><xmax>3665</xmax><ymax>546</ymax></bndbox></object><object><name>car</name><bndbox><xmin>3475</xmin><ymin>357</ymin><xmax>3654</xmax><ymax>447</ymax></bndbox></object><object><name>car</name><bndbox><xmin>3466</xmin><ymin>272</ymin><xmax>3661</xmax><ymax>360</ymax></bndbox></object><object><name>car</name><bndbox><xmin>3494</xmin><ymin>151</ymin><xmax>3662</xmax><ymax>233</ymax></bndbox></object><object><name>car</name><bndbox><xmin>3511</xmin><ymin>46</ymin><xmax>3683</xmax><ymax>129</ymax></bndbox></object><object><name>car</name><bndbox><xmin>3159</xmin><ymin>1318</ymin><xmax>3340</xmax><ymax>1396</ymax></bndbox></object><object><name>car</name><bndbox><xmin>3153</xmin><ymin>1203</ymin><xmax>3349</xmax><ymax>1283</ymax></bndbox></object><object><name>car</name><bndbox><xmin>3150</xmin><ymin>1086</ymin><xmax>3336</xmax><ymax>1166</ymax></bndbox></object><object><name>car</name><bndbox><xmin>3135</xmin><ymin>985</ymin><xmax>3324</xmax><ymax>1059</ymax></bndbox></object><object><name>car</name><bndbox><xmin>3145</xmin><ymin>896</ymin><xmax>3295</xmax><ymax>966</ymax></bndbox></object><object><name>car</name><bndbox><xmin>3137</xmin><ymin>806</ymin><xmax>3306</xmax><ymax>885</ymax></bndbox></object><object><name>car</name><bndbox><xmin>3125</xmin><ymin>722</ymin><xmax>3297</xmax><ymax>786</ymax></bndbox></object><object><name>car</name><bndbox><xmin>3129</xmin><ymin>616</ymin><xmax>3310</xmax><ymax>703</ymax></bndbox></object><object><name>car</name><bndbox><xmin>3114</xmin><ymin>510</ymin><xmax>3271</xmax><ymax>592</ymax></bndbox></object><object><name>car</name><bndbox><xmin>3128</xmin><ymin>436</ymin><xmax>3294</xmax><ymax>508</ymax></bndbox></object><object><name>car</name><bndbox><xmin>3120</xmin><ymin>348</ymin><xmax>3278</xmax><ymax>426</ymax></bndbox></object><object><name>car</name><bndbox><xmin>3116</xmin><ymin>264</ymin><xmax>3278</xmax><ymax>334</ymax></bndbox></object><object><name>car</name><bndbox><xmin>3114</xmin><ymin>150</ymin><xmax>3344</xmax><ymax>234</ymax></bndbox></object><object><name>car</name><bndbox><xmin>3124</xmin><ymin>56</ymin><xmax>3288</xmax><ymax>116</ymax></bndbox></object><object><name>car</name><bndbox><xmin>2974</xmin><ymin>1326</ymin><xmax>3142</xmax><ymax>1390</ymax></bndbox></object><object><name>car</name><bndbox><xmin>2976</xmin><ymin>1218</ymin><xmax>3122</xmax><ymax>1286</ymax></bndbox></object><object><name>car</name><bndbox><xmin>2942</xmin><ymin>1102</ymin><xmax>3110</xmax><ymax>1164</ymax></bndbox></object><object><name>car</name><bndbox><xmin>2946</xmin><ymin>988</ymin><xmax>3134</xmax><ymax>1066</ymax></bndbox></object><object><name>car</name><bndbox><xmin>2944</xmin><ymin>886</ymin><xmax>3124</xmax><ymax>970</ymax></bndbox></object><object><name>car</name><bndbox><xmin>2944</xmin><ymin>790</ymin><xmax>3100</xmax><ymax>860</ymax></bndbox></object><object><name>car</name><bndbox><xmin>2934</xmin><ymin>696</ymin><xmax>3106</xmax><ymax>772</ymax></bndbox></object><object><name>car</name><bndbox><xmin>2940</xmin><ymin>584</ymin><xmax>3096</xmax><ymax>654</ymax></bndbox></object><object><name>car</name><bndbox><xmin>2904</xmin><ymin>466</ymin><xmax>3100</xmax><ymax>544</ymax></bndbox></object><object><name>car</name><bndbox><xmin>2934</xmin><ymin>348</ymin><xmax>3104</xmax><ymax>430</ymax></bndbox></object><object><name>car</name><bndbox><xmin>2936</xmin><ymin>256</ymin><xmax>3090</xmax><ymax>324</ymax></bndbox></object><object><name>car</name><bndbox><xmin>2934</xmin><ymin>142</ymin><xmax>3096</xmax><ymax>234</ymax></bndbox></object><object><name>car</name><bndbox><xmin>2916</xmin><ymin>48</ymin><xmax>3080</xmax><ymax>130</ymax></bndbox></object><object><name>car</name><bndbox><xmin>2582</xmin><ymin>1314</ymin><xmax>2796</xmax><ymax>1412</ymax></bndbox></object><object><name>car</name><bndbox><xmin>2590</xmin><ymin>1206</ymin><xmax>2792</xmax><ymax>1290</ymax></bndbox></object><object><name>car</name><bndbox><xmin>2572</xmin><ymin>1120</ymin><xmax>2766</xmax><ymax>1198</ymax></bndbox></object><object><name>car</name><bndbox><xmin>2552</xmin><ymin>992</ymin><xmax>2756</xmax><ymax>1086</ymax></bndbox></object><object><name>car</name><bndbox><xmin>2580</xmin><ymin>892</ymin><xmax>2746</xmax><ymax>978</ymax></bndbox></object><object><name>car</name><bndbox><xmin>2550</xmin><ymin>782</ymin><xmax>2760</xmax><ymax>878</ymax></bndbox></object><object><name>car</name><bndbox><xmin>2578</xmin><ymin>658</ymin><xmax>2792</xmax><ymax>750</ymax></bndbox></object><object><name>car</name><bndbox><xmin>2560</xmin><ymin>550</ymin><xmax>2756</xmax><ymax>644</ymax></bndbox></object><object><name>car</name><bndbox><xmin>2544</xmin><ymin>464</ymin><xmax>2740</xmax><ymax>538</ymax></bndbox></object><object><name>car</name><bndbox><xmin>2562</xmin><ymin>364</ymin><xmax>2746</xmax><ymax>436</ymax></bndbox></object><object><name>car</name><bndbox><xmin>2530</xmin><ymin>262</ymin><xmax>2728</xmax><ymax>326</ymax></bndbox></object><object><name>car</name><bndbox><xmin>2536</xmin><ymin>160</ymin><xmax>2728</xmax><ymax>228</ymax></bndbox></object><object><name>car</name><bndbox><xmin>2552</xmin><ymin>62</ymin><xmax>2724</xmax><ymax>140</ymax></bndbox></object><object><name>car</name><bndbox><xmin>2394</xmin><ymin>1326</ymin><xmax>2572</xmax><ymax>1396</ymax></bndbox></object><object><name>car</name><bndbox><xmin>2410</xmin><ymin>1218</ymin><xmax>2572</xmax><ymax>1298</ymax></bndbox></object><object><name>car</name><bndbox><xmin>2384</xmin><ymin>1126</ymin><xmax>2564</xmax><ymax>1194</ymax></bndbox></object><object><name>car</name><bndbox><xmin>2040</xmin><ymin>2182</ymin><xmax>2202</xmax><ymax>2224</ymax></bndbox></object><object><name>car</name><bndbox><xmin>2028</xmin><ymin>2068</ymin><xmax>2198</xmax><ymax>2138</ymax></bndbox></object><object><name>car</name><bndbox><xmin>2048</xmin><ymin>1964</ymin><xmax>2180</xmax><ymax>2030</ymax></bndbox></object><object><name>car</name><bndbox><xmin>2026</xmin><ymin>1832</ymin><xmax>2204</xmax><ymax>1926</ymax></bndbox></object><object><name>car</name><bndbox><xmin>2014</xmin><ymin>1734</ymin><xmax>2194</xmax><ymax>1820</ymax></bndbox></object><object><name>car</name><bndbox><xmin>2026</xmin><ymin>1630</ymin><xmax>2182</xmax><ymax>1716</ymax></bndbox></object><object><name>car</name><bndbox><xmin>2002</xmin><ymin>1530</ymin><xmax>2176</xmax><ymax>1610</ymax></bndbox></object><object><name>car</name><bndbox><xmin>2008</xmin><ymin>1442</ymin><xmax>2156</xmax><ymax>1506</ymax></bndbox></object><object><name>car</name><bndbox><xmin>1998</xmin><ymin>1332</ymin><xmax>2188</xmax><ymax>1406</ymax></bndbox></object><object><name>car</name><bndbox><xmin>2038</xmin><ymin>1256</ymin><xmax>2234</xmax><ymax>1334</ymax></bndbox></object><object><name>car</name><bndbox><xmin>2012</xmin><ymin>1144</ymin><xmax>2210</xmax><ymax>1232</ymax></bndbox></object><object><name>car</name><bndbox><xmin>2020</xmin><ymin>1048</ymin><xmax>2196</xmax><ymax>1116</ymax></bndbox></object><object><name>car</name><bndbox><xmin>2036</xmin><ymin>952</ymin><xmax>2196</xmax><ymax>1026</ymax></bndbox></object><object><name>car</name><bndbox><xmin>2212</xmin><ymin>892</ymin><xmax>2398</xmax><ymax>982</ymax></bndbox></object><object><name>car</name><bndbox><xmin>2182</xmin><ymin>734</ymin><xmax>2358</xmax><ymax>802</ymax></bndbox></object><object><name>car</name><bndbox><xmin>2212</xmin><ymin>642</ymin><xmax>2374</xmax><ymax>716</ymax></bndbox></object><object><name>car</name><bndbox><xmin>2198</xmin><ymin>542</ymin><xmax>2388</xmax><ymax>626</ymax></bndbox></object><object><name>car</name><bndbox><xmin>2168</xmin><ymin>452</ymin><xmax>2342</xmax><ymax>558</ymax></bndbox></object><object><name>car</name><bndbox><xmin>2154</xmin><ymin>372</ymin><xmax>2328</xmax><ymax>444</ymax></bndbox></object><object><name>car</name><bndbox><xmin>2018</xmin><ymin>832</ymin><xmax>2186</xmax><ymax>920</ymax></bndbox></object><object><name>car</name><bndbox><xmin>1996</xmin><ymin>732</ymin><xmax>2152</xmax><ymax>828</ymax></bndbox></object><object><name>car</name><bndbox><xmin>1996</xmin><ymin>644</ymin><xmax>2188</xmax><ymax>714</ymax></bndbox></object><object><name>car</name><bndbox><xmin>2018</xmin><ymin>556</ymin><xmax>2202</xmax><ymax>636</ymax></bndbox></object><object><name>car</name><bndbox><xmin>1976</xmin><ymin>386</ymin><xmax>2156</xmax><ymax>482</ymax></bndbox></object><object><name>car</name><bndbox><xmin>1804</xmin><ymin>2066</ymin><xmax>2018</xmax><ymax>2172</ymax></bndbox></object><object><name>car</name><bndbox><xmin>1854</xmin><ymin>1950</ymin><xmax>1998</xmax><ymax>2024</ymax></bndbox></object><object><name>car</name><bndbox><xmin>1848</xmin><ymin>1834</ymin><xmax>2016</xmax><ymax>1924</ymax></bndbox></object><object><name>car</name><bndbox><xmin>1828</xmin><ymin>1726</ymin><xmax>2018</xmax><ymax>1808</ymax></bndbox></object><object><name>car</name><bndbox><xmin>1838</xmin><ymin>1654</ymin><xmax>2000</xmax><ymax>1728</ymax></bndbox></object><object><name>car</name><bndbox><xmin>1808</xmin><ymin>1556</ymin><xmax>1992</xmax><ymax>1648</ymax></bndbox></object><object><name>car</name><bndbox><xmin>1818</xmin><ymin>1450</ymin><xmax>2004</xmax><ymax>1526</ymax></bndbox></object><object><name>car</name><bndbox><xmin>1800</xmin><ymin>1336</ymin><xmax>1986</xmax><ymax>1442</ymax></bndbox></object><object><name>car</name><bndbox><xmin>1800</xmin><ymin>1250</ymin><xmax>1990</xmax><ymax>1330</ymax></bndbox></object><object><name>car</name><bndbox><xmin>1798</xmin><ymin>1154</ymin><xmax>1974</xmax><ymax>1226</ymax></bndbox></object><object><name>car</name><bndbox><xmin>1824</xmin><ymin>1014</ymin><xmax>1988</xmax><ymax>1108</ymax></bndbox></object><object><name>car</name><bndbox><xmin>1840</xmin><ymin>898</ymin><xmax>1994</xmax><ymax>964</ymax></bndbox></object><object><name>car</name><bndbox><xmin>1824</xmin><ymin>800</ymin><xmax>1994</xmax><ymax>886</ymax></bndbox></object><object><name>car</name><bndbox><xmin>1842</xmin><ymin>718</ymin><xmax>1984</xmax><ymax>776</ymax></bndbox></object><object><name>car</name><bndbox><xmin>1820</xmin><ymin>616</ymin><xmax>1976</xmax><ymax>696</ymax></bndbox></object><object><name>car</name><bndbox><xmin>1808</xmin><ymin>528</ymin><xmax>1974</xmax><ymax>602</ymax></bndbox></object><object><name>car</name><bndbox><xmin>1760</xmin><ymin>370</ymin><xmax>1958</xmax><ymax>450</ymax></bndbox></object><object><name>car</name><bndbox><xmin>1464</xmin><ymin>1984</ymin><xmax>1678</xmax><ymax>2062</ymax></bndbox></object><object><name>car</name><bndbox><xmin>1462</xmin><ymin>1848</ymin><xmax>1662</xmax><ymax>1930</ymax></bndbox></object><object><name>car</name><bndbox><xmin>1446</xmin><ymin>1726</ymin><xmax>1652</xmax><ymax>1806</ymax></bndbox></object><object><name>car</name><bndbox><xmin>1472</xmin><ymin>1612</ymin><xmax>1632</xmax><ymax>1674</ymax></bndbox></object><object><name>car</name><bndbox><xmin>1440</xmin><ymin>1518</ymin><xmax>1626</xmax><ymax>1586</ymax></bndbox></object><object><name>car</name><bndbox><xmin>1442</xmin><ymin>1422</ymin><xmax>1614</xmax><ymax>1490</ymax></bndbox></object><object><name>car</name><bndbox><xmin>1452</xmin><ymin>1286</ymin><xmax>1660</xmax><ymax>1388</ymax></bndbox></object><object><name>car</name><bndbox><xmin>1426</xmin><ymin>1158</ymin><xmax>1612</xmax><ymax>1222</ymax></bndbox></object><object><name>car</name><bndbox><xmin>1440</xmin><ymin>1038</ymin><xmax>1608</xmax><ymax>1136</ymax></bndbox></object><object><name>car</name><bndbox><xmin>1436</xmin><ymin>960</ymin><xmax>1598</xmax><ymax>1024</ymax></bndbox></object><object><name>car</name><bndbox><xmin>1446</xmin><ymin>840</ymin><xmax>1632</xmax><ymax>918</ymax></bndbox></object><object><name>car</name><bndbox><xmin>1440</xmin><ymin>748</ymin><xmax>1620</xmax><ymax>812</ymax></bndbox></object><object><name>car</name><bndbox><xmin>1450</xmin><ymin>638</ymin><xmax>1622</xmax><ymax>708</ymax></bndbox></object><object><name>car</name><bndbox><xmin>1428</xmin><ymin>492</ymin><xmax>1608</xmax><ymax>586</ymax></bndbox></object><object><name>car</name><bndbox><xmin>1302</xmin><ymin>1876</ymin><xmax>1446</xmax><ymax>1954</ymax></bndbox></object><object><name>car</name><bndbox><xmin>1246</xmin><ymin>1576</ymin><xmax>1430</xmax><ymax>1662</ymax></bndbox></object><object><name>car</name><bndbox><xmin>1240</xmin><ymin>1452</ymin><xmax>1412</xmax><ymax>1538</ymax></bndbox></object><object><name>car</name><bndbox><xmin>1266</xmin><ymin>1352</ymin><xmax>1438</xmax><ymax>1428</ymax></bndbox></object><object><name>car</name><bndbox><xmin>1234</xmin><ymin>1250</ymin><xmax>1432</xmax><ymax>1338</ymax></bndbox></object><object><name>car</name><bndbox><xmin>1280</xmin><ymin>1144</ymin><xmax>1428</xmax><ymax>1218</ymax></bndbox></object><object><name>car</name><bndbox><xmin>1230</xmin><ymin>1054</ymin><xmax>1414</xmax><ymax>1128</ymax></bndbox></object><object><name>car</name><bndbox><xmin>1210</xmin><ymin>944</ymin><xmax>1426</xmax><ymax>1042</ymax></bndbox></object><object><name>car</name><bndbox><xmin>1216</xmin><ymin>830</ymin><xmax>1406</xmax><ymax>902</ymax></bndbox></object><object><name>car</name><bndbox><xmin>1260</xmin><ymin>746</ymin><xmax>1430</xmax><ymax>814</ymax></bndbox></object><object><name>car</name><bndbox><xmin>1246</xmin><ymin>634</ymin><xmax>1416</xmax><ymax>708</ymax></bndbox></object><object><name>car</name><bndbox><xmin>1226</xmin><ymin>510</ymin><xmax>1420</xmax><ymax>606</ymax></bndbox></object><object><name>car</name><bndbox><xmin>1216</xmin><ymin>432</ymin><xmax>1396</xmax><ymax>494</ymax></bndbox></object><object><name>car</name><bndbox><xmin>1370</xmin><ymin>418</ymin><xmax>1574</xmax><ymax>478</ymax></bndbox></object><object><name>car</name><bndbox><xmin>864</xmin><ymin>2144</ymin><xmax>1050</xmax><ymax>2230</ymax></bndbox></object><object><name>car</name><bndbox><xmin>872</xmin><ymin>1954</ymin><xmax>1042</xmax><ymax>2030</ymax></bndbox></object><object><name>car</name><bndbox><xmin>856</xmin><ymin>1848</ymin><xmax>1038</xmax><ymax>1926</ymax></bndbox></object><object><name>car</name><bndbox><xmin>840</xmin><ymin>1616</ymin><xmax>1008</xmax><ymax>1704</ymax></bndbox></object><object><name>car</name><bndbox><xmin>840</xmin><ymin>1386</ymin><xmax>1012</xmax><ymax>1478</ymax></bndbox></object><object><name>car</name><bndbox><xmin>840</xmin><ymin>1208</ymin><xmax>1014</xmax><ymax>1290</ymax></bndbox></object><object><name>car</name><bndbox><xmin>846</xmin><ymin>1118</ymin><xmax>1034</xmax><ymax>1194</ymax></bndbox></object><object><name>car</name><bndbox><xmin>850</xmin><ymin>1024</ymin><xmax>1012</xmax><ymax>1096</ymax></bndbox></object><object><name>car</name><bndbox><xmin>848</xmin><ymin>910</ymin><xmax>1028</xmax><ymax>998</ymax></bndbox></object><object><name>car</name><bndbox><xmin>836</xmin><ymin>828</ymin><xmax>1004</xmax><ymax>908</ymax></bndbox></object><object><name>car</name><bndbox><xmin>830</xmin><ymin>720</ymin><xmax>992</xmax><ymax>806</ymax></bndbox></object><object><name>car</name><bndbox><xmin>832</xmin><ymin>612</ymin><xmax>1006</xmax><ymax>706</ymax></bndbox></object><object><name>car</name><bndbox><xmin>852</xmin><ymin>516</ymin><xmax>1020</xmax><ymax>596</ymax></bndbox></object><object><name>car</name><bndbox><xmin>840</xmin><ymin>408</ymin><xmax>1030</xmax><ymax>488</ymax></bndbox></object><object><name>car</name><bndbox><xmin>658</xmin><ymin>2066</ymin><xmax>874</xmax><ymax>2150</ymax></bndbox></object><object><name>car</name><bndbox><xmin>632</xmin><ymin>1908</ymin><xmax>850</xmax><ymax>2006</ymax></bndbox></object><object><name>car</name><bndbox><xmin>658</xmin><ymin>1778</ymin><xmax>824</xmax><ymax>1856</ymax></bndbox></object><object><name>car</name><bndbox><xmin>674</xmin><ymin>1640</ymin><xmax>848</xmax><ymax>1734</ymax></bndbox></object><object><name>car</name><bndbox><xmin>684</xmin><ymin>1530</ymin><xmax>864</xmax><ymax>1614</ymax></bndbox></object><object><name>car</name><bndbox><xmin>670</xmin><ymin>1366</ymin><xmax>846</xmax><ymax>1442</ymax></bndbox></object><object><name>car</name><bndbox><xmin>674</xmin><ymin>1258</ymin><xmax>840</xmax><ymax>1340</ymax></bndbox></object><object><name>car</name><bndbox><xmin>682</xmin><ymin>1178</ymin><xmax>848</xmax><ymax>1248</ymax></bndbox></object><object><name>car</name><bndbox><xmin>678</xmin><ymin>1070</ymin><xmax>858</xmax><ymax>1150</ymax></bndbox></object><object><name>car</name><bndbox><xmin>646</xmin><ymin>968</ymin><xmax>838</xmax><ymax>1048</ymax></bndbox></object><object><name>car</name><bndbox><xmin>658</xmin><ymin>856</ymin><xmax>832</xmax><ymax>944</ymax></bndbox></object><object><name>car</name><bndbox><xmin>662</xmin><ymin>754</ymin><xmax>838</xmax><ymax>834</ymax></bndbox></object><object><name>car</name><bndbox><xmin>658</xmin><ymin>664</ymin><xmax>842</xmax><ymax>726</ymax></bndbox></object><object><name>car</name><bndbox><xmin>660</xmin><ymin>560</ymin><xmax>830</xmax><ymax>642</ymax></bndbox></object><object><name>car</name><bndbox><xmin>648</xmin><ymin>450</ymin><xmax>824</xmax><ymax>550</ymax></bndbox></object><object><name>car</name><bndbox><xmin>282</xmin><ymin>2170</ymin><xmax>474</xmax><ymax>2234</ymax></bndbox></object><object><name>car</name><bndbox><xmin>292</xmin><ymin>2058</ymin><xmax>488</xmax><ymax>2142</ymax></bndbox></object><object><name>car</name><bndbox><xmin>280</xmin><ymin>1946</ymin><xmax>488</xmax><ymax>2046</ymax></bndbox></object><object><name>car</name><bndbox><xmin>282</xmin><ymin>1770</ymin><xmax>474</xmax><ymax>1852</ymax></bndbox></object><object><name>car</name><bndbox><xmin>280</xmin><ymin>1674</ymin><xmax>460</xmax><ymax>1756</ymax></bndbox></object><object><name>car</name><bndbox><xmin>282</xmin><ymin>1544</ymin><xmax>490</xmax><ymax>1634</ymax></bndbox></object><object><name>car</name><bndbox><xmin>286</xmin><ymin>1400</ymin><xmax>452</xmax><ymax>1496</ymax></bndbox></object><object><name>car</name><bndbox><xmin>272</xmin><ymin>1288</ymin><xmax>440</xmax><ymax>1378</ymax></bndbox></object><object><name>car</name><bndbox><xmin>298</xmin><ymin>1202</ymin><xmax>494</xmax><ymax>1286</ymax></bndbox></object><object><name>car</name><bndbox><xmin>284</xmin><ymin>1086</ymin><xmax>470</xmax><ymax>1166</ymax></bndbox></object><object><name>car</name><bndbox><xmin>270</xmin><ymin>994</ymin><xmax>442</xmax><ymax>1068</ymax></bndbox></object><object><name>car</name><bndbox><xmin>274</xmin><ymin>900</ymin><xmax>454</xmax><ymax>980</ymax></bndbox></object><object><name>car</name><bndbox><xmin>282</xmin><ymin>802</ymin><xmax>458</xmax><ymax>890</ymax></bndbox></object><object><name>car</name><bndbox><xmin>292</xmin><ymin>650</ymin><xmax>446</xmax><ymax>722</ymax></bndbox></object><object><name>car</name><bndbox><xmin>292</xmin><ymin>556</ymin><xmax>458</xmax><ymax>634</ymax></bndbox></object><object><name>car</name><bndbox><xmin>284</xmin><ymin>440</ymin><xmax>492</xmax><ymax>550</ymax></bndbox></object><object><name>car</name><bndbox><xmin>108</xmin><ymin>2000</ymin><xmax>278</xmax><ymax>2084</ymax></bndbox></object><object><name>car</name><bndbox><xmin>110</xmin><ymin>1354</ymin><xmax>266</xmax><ymax>1432</ymax></bndbox></object><object><name>car</name><bndbox><xmin>110</xmin><ymin>1246</ymin><xmax>250</xmax><ymax>1330</ymax></bndbox></object><object><name>car</name><bndbox><xmin>104</xmin><ymin>1142</ymin><xmax>256</xmax><ymax>1232</ymax></bndbox></object><object><name>car</name><bndbox><xmin>122</xmin><ymin>1040</ymin><xmax>264</xmax><ymax>1124</ymax></bndbox></object><object><name>car</name><bndbox><xmin>90</xmin><ymin>938</ymin><xmax>254</xmax><ymax>1020</ymax></bndbox></object><object><name>car</name><bndbox><xmin>122</xmin><ymin>846</ymin><xmax>276</xmax><ymax>920</ymax></bndbox></object><object><name>car</name><bndbox><xmin>98</xmin><ymin>734</ymin><xmax>280</xmax><ymax>822</ymax></bndbox></object><object><name>car</name><bndbox><xmin>102</xmin><ymin>614</ymin><xmax>288</xmax><ymax>716</ymax></bndbox></object><object><name>car</name><bndbox><xmin>72</xmin><ymin>440</ymin><xmax>274</xmax><ymax>534</ymax></bndbox></object><object><name>car</name><bndbox><xmin>278</xmin><ymin>350</ymin><xmax>488</xmax><ymax>440</ymax></bndbox></object><object><name>car</name><bndbox><xmin>274</xmin><ymin>252</ymin><xmax>432</xmax><ymax>328</ymax></bndbox></object><object><name>car</name><bndbox><xmin>280</xmin><ymin>138</ymin><xmax>474</xmax><ymax>236</ymax></bndbox></object><object><name>car</name><bndbox><xmin>264</xmin><ymin>22</ymin><xmax>466</xmax><ymax>114</ymax></bndbox></object><object><name>car</name><bndbox><xmin>92</xmin><ymin>352</ymin><xmax>270</xmax><ymax>422</ymax></bndbox></object><object><name>car</name><bndbox><xmin>102</xmin><ymin>124</ymin><xmax>258</xmax><ymax>220</ymax></bndbox></object><object><name>car</name><bndbox><xmin>50</xmin><ymin>8</ymin><xmax>258</xmax><ymax>110</ymax></bndbox></object></annotation>