<annotation><size><width>1024</width><height>682</height><depth>3</depth></size><object><name>empty space</name><bndbox><xmin>252</xmin><ymin>413</ymin><xmax>317</xmax><ymax>485</ymax></bndbox></object><object><name>car</name><bndbox><xmin>33</xmin><ymin>418</ymin><xmax>95</xmax><ymax>500</ymax></bndbox></object><object><name>car</name><bndbox><xmin>70</xmin><ymin>523</ymin><xmax>125</xmax><ymax>602</ymax></bndbox></object><object><name>car</name><bndbox><xmin>99</xmin><ymin>547</ymin><xmax>148</xmax><ymax>619</ymax></bndbox></object><object><name>car</name><bndbox><xmin>151</xmin><ymin>587</ymin><xmax>203</xmax><ymax>657</ymax></bndbox></object><object><name>car</name><bndbox><xmin>422</xmin><ymin>280</ymin><xmax>482</xmax><ymax>365</ymax></bndbox></object><object><name>car</name><bndbox><xmin>429</xmin><ymin>69</ymin><xmax>466</xmax><ymax>144</ymax></bndbox></object><object><name>car</name><bndbox><xmin>368</xmin><ymin>41</ymin><xmax>419</xmax><ymax>109</ymax></bndbox></object><object><name>car</name><bndbox><xmin>542</xmin><ymin>60</ymin><xmax>587</xmax><ymax>130</ymax></bndbox></object><object><name>car</name><bndbox><xmin>454</xmin><ymin>88</ymin><xmax>500</xmax><ymax>150</ymax></bndbox></object><object><name>car</name><bndbox><xmin>586</xmin><ymin>97</ymin><xmax>642</xmax><ymax>172</ymax></bndbox></object><object><name>car</name><bndbox><xmin>521</xmin><ymin>332</ymin><xmax>579</xmax><ymax>412</ymax></bndbox></object><object><name>car</name><bndbox><xmin>490</xmin><ymin>469</ymin><xmax>548</xmax><ymax>534</ymax></bndbox></object><object><name>car</name><bndbox><xmin>390</xmin><ymin>490</ymin><xmax>450</xmax><ymax>570</ymax></bndbox></object><object><name>car</name><bndbox><xmin>481</xmin><ymin>545</ymin><xmax>536</xmax><ymax>620</ymax></bndbox></object><object><name>car</name><bndbox><xmin>422</xmin><ymin>514</ymin><xmax>481</xmax><ymax>588</ymax></bndbox></object><object><name>car</name><bndbox><xmin>572</xmin><ymin>522</ymin><xmax>633</xmax><ymax>596</ymax></bndbox></object><object><name>car</name><bndbox><xmin>532</xmin><ymin>575</ymin><xmax>592</xmax><ymax>652</ymax></bndbox></object><object><name>car</name><bndbox><xmin>690</xmin><ymin>230</ymin><xmax>735</xmax><ymax>300</ymax></bndbox></object><object><name>car</name><bndbox><xmin>701</xmin><ymin>163</ymin><xmax>750</xmax><ymax>231</ymax></bndbox></object><object><name>car</name><bndbox><xmin>742</xmin><ymin>247</ymin><xmax>789</xmax><ymax>320</ymax></bndbox></object><object><name>car</name><bndbox><xmin>842</xmin><ymin>234</ymin><xmax>889</xmax><ymax>301</ymax></bndbox></object><object><name>car</name><bndbox><xmin>802</xmin><ymin>288</ymin><xmax>843</xmax><ymax>361</ymax></bndbox></object><object><name>car</name><bndbox><xmin>851</xmin><ymin>320</ymin><xmax>899</xmax><ymax>388</ymax></bndbox></object><object><name>car</name><bndbox><xmin>924</xmin><ymin>288</ymin><xmax>969</xmax><ymax>345</ymax></bndbox></object><object><name>car</name><bndbox><xmin>909</xmin><ymin>345</ymin><xmax>960</xmax><ymax>414</ymax></bndbox></object><object><name>car</name><bndbox><xmin>747</xmin><ymin>56</ymin><xmax>799</xmax><ymax>121</ymax></bndbox></object><object><name>car</name><bndbox><xmin>806</xmin><ymin>23</ymin><xmax>857</xmax><ymax>84</ymax></bndbox></object><object><name>car</name><bndbox><xmin>871</xmin><ymin>110</ymin><xmax>915</xmax><ymax>176</ymax></bndbox></object><object><name>car</name><bndbox><xmin>841</xmin><ymin>41</ymin><xmax>893</xmax><ymax>105</ymax></bndbox></object><object><name>car</name><bndbox><xmin>896</xmin><ymin>58</ymin><xmax>938</xmax><ymax>123</ymax></bndbox></object><object><name>car</name><bndbox><xmin>954</xmin><ymin>89</ymin><xmax>998</xmax><ymax>157</ymax></bndbox></object><object><name>car</name><bndbox><xmin>942</xmin><ymin>154</ymin><xmax>982</xmax><ymax>209</ymax></bndbox></object><object><name>car</name><bndbox><xmin>967</xmin><ymin>179</ymin><xmax>1007</xmax><ymax>232</ymax></bndbox></object><object><name>car</name><bndbox><xmin>960</xmin><ymin>298</ymin><xmax>997</xmax><ymax>357</ymax></bndbox></object><object><name>car</name><bndbox><xmin>933</xmin><ymin>364</ymin><xmax>984</xmax><ymax>432</ymax></bndbox></object><object><name>car</name><bndbox><xmin>977</xmin><ymin>312</ymin><xmax>1022</xmax><ymax>372</ymax></bndbox></object><object><name>car</name><bndbox><xmin>723</xmin><ymin>383</ymin><xmax>775</xmax><ymax>452</ymax></bndbox></object><object><name>car</name><bndbox><xmin>665</xmin><ymin>351</ymin><xmax>726</xmax><ymax>425</ymax></bndbox></object><object><name>car</name><bndbox><xmin>771</xmin><ymin>410</ymin><xmax>825</xmax><ymax>481</ymax></bndbox></object><object><name>car</name><bndbox><xmin>832</xmin><ymin>437</ymin><xmax>890</xmax><ymax>511</ymax></bndbox></object><object><name>car</name><bndbox><xmin>684</xmin><ymin>591</ymin><xmax>737</xmax><ymax>659</ymax></bndbox></object><object><name>car</name><bndbox><xmin>801</xmin><ymin>496</ymin><xmax>848</xmax><ymax>573</ymax></bndbox></object><object><name>car</name><bndbox><xmin>739</xmin><ymin>466</ymin><xmax>792</xmax><ymax>545</ymax></bndbox></object><object><name>car</name><bndbox><xmin>337</xmin><ymin>599</ymin><xmax>404</xmax><ymax>674</ymax></bndbox></object><object><name>car</name><bndbox><xmin>824</xmin><ymin>520</ymin><xmax>871</xmax><ymax>585</ymax></bndbox></object><object><name>car</name><bndbox><xmin>964</xmin><ymin>381</ymin><xmax>1016</xmax><ymax>445</ymax></bndbox></object><object><name>car</name><bndbox><xmin>720</xmin><ymin>609</ymin><xmax>773</xmax><ymax>672</ymax></bndbox></object></annotation>