index,x,sin5x,sin8x,cos2x,cosx,xbob,randbob,sumbob
1,0.01,0.049979169,0.05993602,0.499900003,1.999600013,0.003,1.218790702,3.831205908
2,0.02,0.099833417,0.119488655,0.499600053,1.998400213,0.006,0.139663052,2.86298539
3,0.03,0.149438132,0.17827697,0.49910027,1.99640108,0.009,0.980692255,3.812908707
4,0.04,0.198669331,0.23592492,0.498400853,1.993603413,0.012,0.486480462,3.425078979
5,0.05,0.247403959,0.292063757,0.497502083,1.990008331,0.015,0.610738757,3.652716886
6,0.06,0.295520207,0.346334382,0.496404318,1.985617272,0.018,0.465184161,3.607060339
7,0.07,0.342897807,0.398389648,0.495107998,1.980431992,0.021,0.947559327,4.185386773
8,0.08,0.389418342,0.447896581,0.493613642,1.974454567,0.024,1.055948906,4.385332038
9,0.09,0.434965534,0.494538504,0.491921846,1.967687386,0.027,0.788689614,4.204802884
10,0.1,0.479425539,0.538017068,0.490033289,1.960133156,0.03,0.879706523,4.377315575
11,0.11,0.522687229,0.578054159,0.487948725,1.951794899,0.033,0.323812271,3.897297283
12,0.12,0.564642473,0.614393676,0.485668987,1.94267595,0.036,0.958772706,4.602153792
13,0.13,0.605186406,0.64680317,0.483194989,1.932779956,0.039,1.180067812,4.887032333
14,0.14,0.644217687,0.675075332,0.480527719,1.922110877,0.042,1.47202575,5.235957364
15,0.15,0.68163876,0.699029314,0.477668245,1.910672978,0.045,0.100955267,3.914964564
16,0.16,0.717356091,0.718511895,0.474617709,1.898470836,0.048,1.386706951,5.243663482
17,0.17,0.751280405,0.733398452,0.471377333,1.885509331,0.051,0.800944992,4.693510513
18,0.18,0.78332691,0.743593761,0.467948412,1.871793647,0.054,0.083496369,4.004159099
19,0.19,0.813415505,0.749032608,0.464332318,1.857329271,0.057,0.521625187,4.462734888
20,0.2,0.841470985,0.749680202,0.460530497,1.842121988,0.06,1.462385847,5.416189519
21,0.21,0.867423226,0.745532402,0.45654447,1.826177881,0.063,0.622495901,4.581173879
22,0.22,0.89120736,0.736615738,0.452375832,1.809503326,0.066,0.448777211,4.404479467
23,0.23,0.91276394,0.722987247,0.448026249,1.792104995,0.069,0.60769965,4.552582082
24,0.24,0.932039086,0.704734105,0.443497461,1.773989846,0.072,0.880146068,4.806406566
25,0.25,0.948984619,0.68197307,0.438791281,1.755165124,0.075,0.01880451,3.918718605
26,0.26,0.963558185,0.654849735,0.43390959,1.735638359,0.078,0.282499746,4.148455615
27,0.27,0.975723358,0.623537596,0.428854341,1.715417363,0.081,1.371023113,5.19555577
28,0.28,0.98544973,0.588236944,0.423627556,1.694510222,0.084,0.284885644,4.060710095
29,0.29,0.992712991,0.549173583,0.418231325,1.6729253,0.087,0.379828801,4.099872
30,0.3,0.997494987,0.506597385,0.412667807,1.65067123,0.09,0.992277284,4.649708693
31,0.31,0.999783764,0.460780693,0.406939228,1.627756913,0.093,0.082513587,3.670774186
32,0.32,0.999573603,0.412016577,0.401047879,1.604191516,0.096,1.190601905,4.70343148
33,0.33,0.996865028,0.360616961,0.394996116,1.579984463,0.099,1.306283763,4.737746332
34,0.34,0.99166481,0.306910627,0.388786359,1.555145438,0.102,0.139167804,3.483675039
35,0.35,0.983985947,0.251241113,0.382421094,1.529684375,0.105,0.46038467,3.712717197
36,0.36,0.973847631,0.193964512,0.375902865,1.503611458,0.108,1.307304962,4.462631427
37,0.37,0.961275203,0.135447201,0.369234279,1.476937117,0.111,0.75806208,3.811955881
38,0.38,0.946300088,0.07606349,0.362418005,1.449672021,0.114,0.61195182,3.560405424
39,0.39,0.928959715,0.016193232,0.355456769,1.421827076,0.117,1.47825484,4.317691632
40,0.4,0.909297427,-0.043780608,0.348353355,1.393413419,0.12,1.17986761,3.907151202
41,0.41,0.887362369,-0.1034744,0.341110604,1.364442415,0.123,0.165513878,2.777954864
42,0.42,0.863209367,-0.16250631,0.333731413,1.334925652,0.126,1.485259151,3.980619272
43,0.43,0.836898791,-0.220498734,0.326218734,1.304874936,0.129,0.231909154,2.608402881
44,0.44,0.808496404,-0.277080719,0.318575572,1.274302288,0.132,0.129300947,2.385594493
45,0.45,0.778073197,-0.331890332,0.310804984,1.243219937,0.135,0.515317955,2.65052574
46,0.46,0.745705212,-0.384576981,0.302910078,1.211640313,0.138,0.067497885,2.081176509
47,0.47,0.711473353,-0.434803648,0.294894013,1.17957605,0.141,0.909383621,2.801523388
48,0.48,0.675463181,-0.482249057,0.286759993,1.147039972,0.144,0.514756631,2.28577072
49,0.49,0.637764702,-0.526609717,0.278511273,1.114045094,0.147,1.039203532,2.689914885
50,0.5,0.598472144,-0.567601871,0.270151153,1.080604612,0.15,0.660230929,2.191856967
51,0.51,0.557683717,-0.604963311,0.261682976,1.046731903,0.153,0.839957746,2.25409303
52,0.52,0.515501372,-0.638455051,0.253110129,1.012440514,0.156,0.360677687,1.659274651
53,0.53,0.472030541,-0.667862856,0.244436041,0.977744164,0.159,0.394819288,1.580167178
54,0.54,0.42737988,-0.692998619,0.235664182,0.942656728,0.162,0.707397859,1.782100031
55,0.55,0.381660992,-0.713701555,0.226798061,0.907192243,0.165,1.147920376,2.114870117
56,0.56,0.33498815,-0.729839237,0.217841223,0.871364893,0.168,0.262301412,1.124656441
57,0.57,0.287478012,-0.741308439,0.208797252,0.835189008,0.171,1.090186798,1.851342631
58,0.58,0.239249329,-0.748035796,0.199669765,0.798679059,0.174,0.865606415,1.529168772
59,0.59,0.190422647,-0.749978277,0.190462412,0.761849649,0.177,0.438218452,1.007974884
60,0.6,0.141120008,-0.747123457,0.181178877,0.724715509,0.18,0.187867473,0.667758411
61,0.61,0.091464642,-0.739489596,0.171822873,0.687291493,0.183,0.754062448,1.14815186
62,0.62,0.041580662,-0.727125525,0.162398142,0.649592569,0.186,1.450696272,1.763142121
63,0.63,-0.008407247,-0.710110332,0.152908454,0.611633817,0.189,0.88552461,1.120549302
64,0.64,-0.058374143,-0.688552856,0.143357605,0.573430419,0.192,0.34784736,0.509708385
65,0.65,-0.108195135,-0.662590992,0.133749414,0.534997657,0.195,0.937742686,1.030703632
66,0.66,-0.157745694,-0.632390806,0.124087726,0.496350903,0.198,1.009208728,1.037510857
67,0.67,-0.206901972,-0.598145478,0.114376404,0.457505616,0.201,0.285003124,0.252837694
68,0.68,-0.255541102,-0.56007406,0.104619333,0.418477332,0.204,0.315604385,0.227085888
69,0.69,-0.303541513,-0.518420079,0.094820416,0.379281663,0.207,1.176735794,1.035876281
70,0.7,-0.350783228,-0.473449978,0.084983571,0.339934286,0.21,0.101054971,-0.088260377
71,0.71,-0.397148167,-0.425451414,0.075112735,0.30045094,0.213,0.862587656,0.628551749
72,0.72,-0.442520443,-0.374731412,0.065211854,0.260847417,0.216,1.120492532,0.845299948
73,0.73,-0.486786649,-0.321614409,0.05528489,0.22113956,0.219,0.190330054,-0.122646554
74,0.74,-0.529836141,-0.26644017,0.045335812,0.181343249,0.222,1.469236902,1.121639653
75,0.75,-0.571561319,-0.209561624,0.035368601,0.141474403,0.225,1.453616832,1.074336894
76,0.76,-0.611857891,-0.151342598,0.025387242,0.10154897,0.228,0.291775755,-0.116488522
77,0.77,-0.650625137,-0.092155496,0.01539573,0.061582918,0.231,1.216754261,0.781952275
78,0.78,-0.687766159,-0.032378914,0.005398059,0.021592234,0.234,0.353952815,-0.105201965
79,0.79,-0.723188124,0.027604783,-0.004601772,-0.018407087,0.237,0.410945266,-0.070646933
80,0.8,-0.756802495,0.087411904,-0.014599761,-0.058399045,0.24,0.295711215,-0.206678183
81,0.81,-0.788525254,0.146659886,-0.024591911,-0.098367644,0.243,0.095994533,-0.42583039
82,0.82,-0.818277111,0.204969746,-0.034574224,-0.138296897,0.246,0.376979876,-0.163198611
83,0.83,-0.845983701,0.261968499,-0.044542708,-0.178170834,0.249,0.127866156,-0.429862588
84,0.84,-0.871575772,0.317291548,-0.054493376,-0.217973504,0.252,0.956250808,0.381499703
85,0.85,-0.894989358,0.370585013,-0.064422247,-0.257688989,0.255,0.61958835,0.028072769
86,0.86,-0.916165937,0.421507999,-0.07432535,-0.297301401,0.258,0.322240917,-0.286043771
87,0.87,-0.935052578,0.469734773,-0.084198724,-0.336794896,0.261,0.34354652,-0.281764904
88,0.88,-0.951602074,0.514956847,-0.094038419,-0.376153678,0.264,0.851193491,0.208356166
89,0.89,-0.965773061,0.556884954,-0.103840501,-0.415362003,0.267,0.101774226,-0.559316385
90,0.9,-0.977530118,0.595250898,-0.113601047,-0.454404189,0.27,0.727161994,0.046877537
91,0.91,-0.986843859,0.629809268,-0.123316155,-0.49326462,0.273,0.066884506,-0.63373086
92,0.92,-0.993691004,0.660339007,-0.132981938,-0.531927751,0.276,1.199647881,0.477386195
93,0.93,-0.998054439,0.686644831,-0.14259453,-0.570378118,0.279,0.04690972,-0.698472536
94,0.94,-0.999923258,0.70855847,-0.152150086,-0.608600342,0.282,0.112335552,-0.657779663
95,0.95,-0.999292789,0.725939754,-0.161644783,-0.646579134,0.285,0.75729541,-0.039281542
96,0.96,-0.996164609,0.738677501,-0.171074826,-0.684299302,0.288,0.641622719,-0.183238517
97,0.97,-0.990546536,0.746690232,-0.18043644,-0.72174576,0.291,0.481171277,-0.373867228
98,0.98,-0.982452613,0.749926694,-0.189725882,-0.75890353,0.294,1.142658431,0.2555031
99,0.99,-0.971903069,0.748366184,-0.198939437,-0.795757748,0.297,1.454446961,0.533212892
100,1,-0.958924275,0.742018685,-0.208073418,-0.832293673,0.3,0.55159282,-0.405679861
101,1.01,-0.943548669,0.730924798,-0.217124173,-0.868496692,0.303,0.50114696,-0.494097776
102,1.02,-0.925814682,0.715155487,-0.226088081,-0.904352324,0.306,0.871546058,-0.163553543
103,1.03,-0.905766641,0.694811622,-0.234961557,-0.939846227,0.309,0.645447417,-0.431315387
104,1.04,-0.883454656,0.670023333,-0.243741051,-0.974964205,0.312,1.193531338,0.073394759
105,1.05,-0.858934493,0.640949181,-0.252423052,-1.009692209,0.315,1.167360565,0.002259991
106,1.06,-0.832267442,0.607775142,-0.261004088,-1.04401635,0.318,1.151981807,-0.059530931
107,1.07,-0.803520156,0.570713416,-0.269480725,-1.077922899,0.321,1.485777906,0.226567542
108,1.08,-0.772764488,0.530001072,-0.277849573,-1.111398293,0.324,0.427759647,-0.880251634
109,1.09,-0.74007731,0.485898529,-0.286107285,-1.144429142,0.327,0.581367485,-0.776347723
110,1.1,-0.705540326,0.438687895,-0.294250559,-1.177002235,0.33,0.481777676,-0.926327548
111,1.11,-0.669239857,0.388671154,-0.302276136,-1.209104542,0.333,0.984640769,-0.474308611
112,1.12,-0.631266638,0.336168245,-0.310180806,-1.240723224,0.336,0.728093316,-0.781909106
113,1.13,-0.591715581,0.281515006,-0.317961408,-1.271845633,0.339,0.675362329,-0.885645286
114,1.14,-0.550685543,0.225061032,-0.32561483,-1.302459321,0.342,1.392771356,-0.218927306
115,1.15,-0.508279077,0.167167436,-0.333138011,-1.332552043,0.345,0.973922142,-0.687879553
116,1.16,-0.464602179,0.108204538,-0.34052794,-1.362111761,0.348,1.293309611,-0.417727731
117,1.17,-0.419764018,0.0485495,-0.347781663,-1.391126653,0.351,1.204176237,-0.554946596
118,1.18,-0.373876665,-0.011416089,-0.354896278,-1.419585113,0.354,1.204495219,-0.601278925
119,1.19,-0.327054815,-0.071308653,-0.361868939,-1.447475757,0.357,0.328550638,-1.522157527
120,1.2,-0.279415498,-0.130745086,-0.368696858,-1.474787431,0.36,0.347644785,-1.546000088
121,1.21,-0.231077788,-0.189345196,-0.375377302,-1.501509209,0.363,0.103688821,-1.830620676
122,1.22,-0.182162504,-0.246734143,-0.381907601,-1.527630404,0.366,1.317073041,-0.655361612
123,1.23,-0.132791909,-0.302544834,-0.388285142,-1.553140567,0.369,0.533485894,-1.474276558
124,1.24,-0.083089403,-0.35642027,-0.394507374,-1.578029494,0.372,1.333028509,-0.707018033
125,1.25,-0.033179217,-0.408015833,-0.400571808,-1.602287231,0.375,1.352006941,-0.717047148
126,1.26,0.0168139,-0.457001487,-0.406476019,-1.625904074,0.378,0.418960183,-1.675607496
127,1.27,0.066764992,-0.503063891,-0.412217644,-1.648870577,0.381,1.472850516,-0.643536606
128,1.28,0.116549205,-0.545908403,-0.417794389,-1.671177554,0.384,0.46814345,-1.66618769
129,1.29,0.166042106,-0.585260964,-0.423204021,-1.692816082,0.387,0.111599925,-2.036639036
130,1.3,0.215119988,-0.620869852,-0.428444377,-1.713777507,0.39,1.337654747,-0.820317001
131,1.31,0.263660182,-0.652507292,-0.433513361,-1.734053443,0.393,0.019240179,-2.144173734
132,1.32,0.311541364,-0.679970912,-0.438408945,-1.753635781,0.396,0.70617711,-1.458297164
133,1.33,0.358643853,-0.703085038,-0.443129172,-1.772516688,0.399,0.635387002,-1.525700042
134,1.34,0.404849921,-0.72170182,-0.447672153,-1.790688612,0.402,0.841465595,-1.311747069
135,1.35,0.450044074,-0.735702173,-0.452036071,-1.808144284,0.405,0.203407489,-1.937430965
136,1.36,0.494113351,-0.744996542,-0.456219181,-1.824876723,0.408,0.797960118,-1.326018976
137,1.37,0.536947602,-0.749525476,-0.460219809,-1.840879235,0.411,1.490358655,-0.612318263
138,1.38,0.578439764,-0.749260005,-0.464036355,-1.85614542,0.414,1.061827777,-1.015174239
139,1.39,0.618486128,-0.744201827,-0.467667293,-1.870669172,0.417,0.636716968,-1.410335197
140,1.4,0.656986599,-0.734383297,-0.47111117,-1.884444681,0.42,0.66132762,-1.35162493
141,1.41,0.693844945,-0.71986722,-0.474366609,-1.897466438,0.423,0.732886702,-1.24196862
142,1.42,0.72896904,-0.700746449,-0.477432308,-1.909729233,0.426,0.964300702,-0.968638247
143,1.43,0.762271092,-0.677143292,-0.48030704,-1.921228162,0.429,0.458504971,-1.428902431
144,1.44,0.793667864,-0.649208729,-0.482989656,-1.931958625,0.432,0.324209914,-1.514279233
145,1.45,0.823080879,-0.617121446,-0.485479083,-1.94191633,0.435,0.094999986,-1.691435994
146,1.46,0.850436621,-0.581086692,-0.487774324,-1.951097295,0.438,0.309159424,-1.422362266
147,1.47,0.875666714,-0.541334965,-0.489874462,-1.959497847,0.441,1.304219007,-0.369821554
148,1.48,0.898708096,-0.498120543,-0.491778657,-1.967114626,0.444,0.174152015,-1.440153715
149,1.49,0.919503176,-0.451719848,-0.493486146,-1.973944585,0.447,1.212929591,-0.339717813
150,1.5,0.937999977,-0.402429689,-0.494996248,-1.979984993,0.45,0.174089308,-1.315321645
151,1.51,0.954152266,-0.350565352,-0.496308358,-1.985233433,0.453,1.253189246,-0.171765632
152,1.52,0.967919672,-0.296458594,-0.497421952,-1.989687807,0.456,0.149211104,-1.210437576
153,1.53,0.979267783,-0.240455512,-0.498336583,-1.993346331,0.459,0.737890358,-0.555980286
154,1.54,0.988168234,-0.182914336,-0.499051886,-1.996207544,0.462,0.743937647,-0.484067885
155,1.55,0.994598779,-0.124203132,-0.499567575,-1.998270301,0.465,0.664258282,-0.498183946
156,1.56,0.998543345,-0.064697451,-0.499883444,-1.999533775,0.468,1.240558395,0.142987069
157,1.57,0.999992073,-0.004777928,-0.499999366,-1.999997463,0.471,0.840179493,-0.193603191
158,1.58,0.998941342,0.055172157,-0.499915295,-1.999661179,0.474,1.031114691,0.059651716
159,1.59,0.995393777,0.114769329,-0.499631264,-1.998525057,0.477,1.026575274,0.115582059
160,1.6,0.989358247,0.173632369,-0.499147388,-1.996589552,0.48,1.471094253,0.618347929
161,1.61,0.980849836,0.231384754,-0.498463859,-1.993855437,0.483,1.488919497,0.69183479
162,1.62,0.969889811,0.287657067,-0.497580952,-1.990323807,0.486,0.358565702,-0.385792179
163,1.63,0.956505567,0.342089355,-0.496499018,-1.985996073,0.489,0.245600462,-0.449299708
164,1.64,0.940730557,0.39433344,-0.495218492,-1.980873968,0.492,1.070667016,0.421638553
165,1.65,0.92260421,0.444055136,-0.493739885,-1.97495954,0.495,0.810120957,0.203080878
166,1.66,0.902171834,0.490936395,-0.492063788,-1.968255154,0.498,1.322085425,0.752874711
167,1.67,0.879484498,0.534677336,-0.490190873,-1.960763492,0.501,0.358469848,-0.177322684
168,1.68,0.854598908,0.574998167,-0.488121888,-1.952487551,0.504,0.425394479,-0.081617886
169,1.69,0.827577266,0.611640971,-0.48585766,-1.943430641,0.507,0.659189743,0.176119679
170,1.7,0.798487113,0.644371361,-0.483399096,-1.933596385,0.51,0.486399093,0.022262085
171,1.71,0.767401157,0.672979973,-0.480747179,-1.922988716,0.513,0.053116369,-0.397238396
172,1.72,0.734397098,0.69728381,-0.477902969,-1.911611877,0.516,0.039129826,-0.402704113
173,1.73,0.699557429,0.71712741,-0.474867605,-1.899470419,0.519,1.420957465,0.98230428
174,1.74,0.66296923,0.732383842,-0.4716423,-1.886569198,0.522,0.506019604,0.065161179
175,1.75,0.624723954,0.742955517,-0.468228344,-1.872913375,0.525,0.646471919,0.198009672
176,1.76,0.584917193,0.748774812,-0.464627103,-1.858508411,0.528,0.897744021,0.436300512
177,1.77,0.543648444,0.749804503,-0.460840017,-1.843360068,0.531,0.958692555,0.478945416
178,1.78,0.501020856,0.746038004,-0.456868602,-1.827474406,0.534,0.393567013,-0.109717135
179,1.79,0.457140978,0.737499408,-0.452714445,-1.810857779,0.537,0.382730635,-0.149201203
180,1.8,0.412118485,0.724243332,-0.448379208,-1.793516833,0.54,1.00117358,0.435639357
181,1.81,0.366065911,0.706354571,-0.443864626,-1.775458504,0.543,0.743083179,0.139180532
182,1.82,0.319098362,0.683947551,-0.439172504,-1.756690015,0.546,0.885413146,0.238596541
183,1.83,0.271333234,0.657165601,-0.434304718,-1.737218873,0.549,0.284954917,-0.409069839
184,1.84,0.222889914,0.626180033,-0.429263217,-1.717052867,0.552,0.414792002,-0.330454135
185,1.85,0.173889485,0.591189051,-0.424050016,-1.696200063,0.555,0.978914252,0.178742709
186,1.86,0.124454424,0.552416475,-0.4186672,-1.674668802,0.558,0.716465623,-0.14199948
187,1.87,0.07470829,0.51011032,-0.413116924,-1.652467695,0.561,1.080609658,0.160843649
188,1.88,0.024775425,0.464541199,-0.407401406,-1.629605624,0.564,0.266914885,-0.71677552
189,1.89,-0.025219365,0.4160006,-0.401522933,-1.606091731,0.567,0.230655753,-0.819177676
190,1.9,-0.07515112,0.364799017,-0.395483856,-1.581935424,0.57,0.148453983,-0.969317401
191,1.91,-0.124895037,0.311263965,-0.389286591,-1.557146363,0.573,1.355330605,0.168266578
192,1.92,-0.174326781,0.255737885,-0.382933616,-1.531734465,0.576,0.243988114,-1.013268863
193,1.93,-0.223322799,0.198575956,-0.376427473,-1.505709893,0.579,0.369652031,-0.958232178
194,1.94,-0.271760626,0.140143819,-0.369770764,-1.479083058,0.582,1.359351863,-0.039118767
195,1.95,-0.319519194,0.080815239,-0.362966152,-1.451864608,0.585,1.185890851,-0.282643864
196,1.96,-0.366479129,0.020969718,-0.356016358,-1.424065433,0.588,0.06762494,-1.469966263
197,1.97,-0.412523058,-0.039009938,-0.348924163,-1.39569665,0.591,0.627604263,-0.977549545
198,1.98,-0.457535894,-0.098740064,-0.341692402,-1.366769607,0.594,0.67007662,-1.000661346
199,1.99,-0.501405128,-0.15783859,-0.334323969,-1.337295875,0.597,0.422936703,-1.310926858
200,2,-0.544021111,-0.215927487,-0.32682181,-1.307287242,0.6,0.597401069,-1.196656582
201,2.01,-0.585277324,-0.272635186,-0.319188928,-1.276755711,0.603,1.221472311,-0.629384838
202,2.02,-0.625070649,-0.32759895,-0.311428374,-1.245713496,0.606,0.569404892,-1.334406577
203,2.03,-0.663301623,-0.380467199,-0.303543253,-1.214173011,0.609,0.112513303,-1.839971782
204,2.04,-0.699874688,-0.430901756,-0.295536718,-1.182146874,0.612,0.157803554,-1.838656481
205,2.05,-0.73469843,-0.478580012,-0.287411973,-1.149647893,0.615,1.416962799,-0.61837551
206,2.06,-0.76768581,-0.523196989,-0.279172267,-1.116689069,0.618,0.707907525,-1.36083661
207,2.07,-0.798754374,-0.564467291,-0.270820896,-1.083283584,0.621,0.296815774,-1.799510371
208,2.08,-0.827826469,-0.602126929,-0.2623612,-1.0494448,0.624,1.054504443,-1.063254955
209,2.09,-0.854829429,-0.635935009,-0.253796563,-1.015186252,0.627,0.973969537,-1.158777715
210,2.1,-0.87969576,-0.665675275,-0.245130411,-0.980521643,0.63,0.689480112,-1.451542977
211,2.11,-0.90236331,-0.691157491,-0.23636621,-0.945464838,0.633,0.433825983,-1.708525866
212,2.12,-0.922775422,-0.712218658,-0.227507465,-0.91002986,0.636,1.149168786,-0.987362619
213,2.13,-0.940881075,-0.728724056,-0.218557721,-0.874230883,0.639,0.322234821,-1.801158914
214,2.14,-0.956635016,-0.740568107,-0.209520556,-0.838082224,0.642,1.35367533,-0.749130574
215,2.15,-0.969997868,-0.74767505,-0.200399586,-0.801598344,0.645,0.163643815,-1.911027033
216,2.16,-0.98093623,-0.749999423,-0.191198459,-0.764793835,0.648,0.549516926,-1.489411022
217,2.17,-0.989422762,-0.74752636,-0.181920855,-0.727683419,0.651,0.847639675,-1.147913721
218,2.18,-0.995436253,-0.740271679,-0.172570485,-0.69028194,0.654,0.47035901,-1.474201346
219,2.19,-0.998961672,-0.728281785,-0.163151089,-0.652604356,0.657,0.363957225,-1.522041677
220,2.2,-0.999990207,-0.711633373,-0.153666435,-0.61466574,0.66,0.613052088,-1.206903667
221,2.21,-0.998519286,-0.690432937,-0.144120316,-0.576481266,0.663,0.709808205,-1.0367456
222,2.22,-0.994552588,-0.664816085,-0.134516552,-0.538066206,0.666,0.949083937,-0.716867494
223,2.23,-0.988100026,-0.63494668,-0.124858982,-0.499435928,0.669,1.048125039,-0.530216577
224,2.24,-0.979177729,-0.601015782,-0.11515147,-0.460605881,0.672,0.10033113,-1.383619733
225,2.25,-0.967807998,-0.563240435,-0.1053979,-0.421591599,0.675,0.57686913,-0.806168801
226,2.26,-0.95401925,-0.521862271,-0.095602171,-0.382408685,0.678,0.826664702,-0.449227676
227,2.27,-0.937845951,-0.477145969,-0.085768203,-0.343072813,0.681,1.303975421,0.141142484
228,2.28,-0.919328526,-0.429377562,-0.075899929,-0.303599717,0.684,0.3095457,-0.734660034
229,2.29,-0.898513258,-0.378862603,-0.066001296,-0.264005185,0.687,0.287741321,-0.63264102
230,2.3,-0.875452175,-0.325924217,-0.056076263,-0.224305054,0.69,1.114357308,0.3225996
231,2.31,-0.850202917,-0.270901027,-0.046128801,-0.184515204,0.693,1.290100972,0.631353022
232,2.32,-0.822828595,-0.214144996,-0.036162888,-0.144651551,0.696,1.394428854,0.872640825
233,2.33,-0.79339763,-0.156019168,-0.02618251,-0.104730038,0.699,1.085141663,0.703812318
234,2.34,-0.761983584,-0.096895349,-0.016191659,-0.064766636,0.702,1.33352259,1.095685363
235,2.35,-0.728664976,-0.037151731,-0.006194332,-0.024777327,0.705,1.194019481,1.102231116
236,2.36,-0.693525085,0.022829532,0.003805473,0.015221892,0.708,1.204435136,1.260766948
237,2.37,-0.656651742,0.082664763,0.013803756,0.055215023,0.711,1.07741426,1.28344606
238,2.38,-0.618137112,0.141971222,0.023796517,0.095186068,0.714,0.216134975,0.572951671
239,2.39,-0.578077461,0.20036955,0.03377976,0.13511904,0.717,0.641651634,1.149842523
240,2.4,-0.536572918,0.257486197,0.043749492,0.174997967,0.72,0.018576908,0.678237646
241,2.41,-0.493727222,0.31295581,0.053701724,0.214806896,0.723,1.061103267,1.871840476
242,2.42,-0.449647465,0.366423574,0.063632477,0.254529906,0.726,0.361809036,1.322747528
243,2.43,-0.404443823,0.417547478,0.073537777,0.294151107,0.729,1.282094981,2.39188752
244,2.44,-0.358229282,0.466000503,0.083413663,0.333654652,0.732,0.527800202,1.784639737
245,2.45,-0.311119355,0.511472715,0.093256185,0.373024739,0.735,0.44082451,1.842458794
246,2.46,-0.263231791,0.553673247,0.103061405,0.412245621,0.738,0.411319901,1.955068383
247,2.47,-0.214686285,0.59233216,0.112825403,0.451301611,0.741,0.311850311,1.994623199
248,2.48,-0.165604175,0.627202168,0.122544271,0.490177085,0.744,0.960003841,2.77832319
249,2.49,-0.116108141,0.658060223,0.132214124,0.528856496,0.747,0.456625521,2.406648222
250,2.5,-0.066321897,0.684708938,0.141831093,0.567324371,0.75,1.158296672,3.235839176
251,2.51,-0.016369883,0.706977853,0.151391331,0.605565324,0.753,1.313394285,3.513958909
252,2.52,0.033623047,0.724724521,0.160891015,0.643564058,0.756,0.269742692,2.588545334
253,2.53,0.083531937,0.737835427,0.170326344,0.681305376,0.759,0.823628332,3.255627417
254,2.54,0.133232041,0.746226703,0.179693545,0.718774181,0.762,0.732887458,3.272813929
255,2.55,0.182599135,0.749844675,0.188988871,0.755955485,0.765,0.432767511,3.075155677
256,2.56,0.231509825,0.7486662,0.198208604,0.792834418,0.768,1.158692168,3.897911215
257,2.57,0.279841862,0.742698816,0.207349057,0.829396227,0.771,1.221294824,4.051580786
258,2.58,0.327474439,0.731980695,0.216406572,0.865626289,0.774,0.91511188,3.830599875
259,2.59,0.374288501,0.716580395,0.225377528,0.901510112,0.777,0.76461193,3.759368466
260,2.6,0.420167037,0.696596426,0.234258336,0.937033343,0.78,0.86791618,3.93597132
261,2.61,0.464995374,0.672156616,0.243045443,0.972181773,0.783,1.242139751,4.377518957
262,2.62,0.508661464,0.643417299,0.251735336,1.006941343,0.786,1.043752311,4.240507753
263,2.63,0.551056166,0.610562306,0.260324537,1.04129815,0.789,1.380455865,4.632697025
264,2.64,0.592073515,0.573801798,0.268809613,1.075238452,0.792,1.222686084,4.524609462
265,2.65,0.631610988,0.533370917,0.277187168,1.108748672,0.795,0.100754854,3.4466726
266,2.66,0.669569762,0.489528282,0.285453852,1.141815408,0.798,0.678400416,4.062767721
267,2.67,0.705854961,0.442554337,0.293606358,1.174425433,0.801,0.422858597,3.840299687
268,2.68,0.74037589,0.392749554,0.301641426,1.206565704,0.804,1.485979849,4.931312423
269,2.69,0.773046265,0.340432515,0.309555841,1.238223364,0.807,1.435536653,4.903794638
270,2.7,0.803784427,0.285937869,0.317346438,1.269385752,0.81,1.341240253,4.827694738
271,2.71,0.832513546,0.229614196,0.325010101,1.300040402,0.813,0.825200971,4.325379216
272,2.72,0.859161815,0.171821776,0.332543763,1.330175053,0.816,0.136283599,3.645986007
273,2.73,0.883662627,0.112930284,0.339944413,1.359777652,0.819,1.458830215,4.974145191
274,2.74,0.905954742,0.053316422,0.34720909,1.388836359,0.822,0.632222805,4.149539418
275,2.75,0.925982443,-0.006638482,0.354334887,1.417339549,0.825,0.821101294,4.33711969
276,2.76,0.943695669,-0.066550923,0.361318955,1.445275822,0.828,1.005358322,4.517097846
277,2.77,0.959050148,-0.126037665,0.368158501,1.472634004,0.831,0.900510141,4.40531513
278,2.78,0.972007501,-0.184718196,0.374850788,1.499403152,0.834,0.510239428,4.005782673
279,2.79,0.982535342,-0.242217161,0.38139314,1.525572559,0.837,0.720750937,4.205034817
280,2.8,0.990607356,-0.298166762,0.387782939,1.551131757,0.84,0.782434791,4.253790081
281,2.81,0.996203367,-0.352209114,0.394017631,1.576070523,0.843,0.088751891,3.545834298
282,2.82,0.999309389,-0.40399853,0.400094721,1.600378882,0.846,0.293036474,3.734820936
283,2.83,0.999917657,-0.453203734,0.406011778,1.624047111,0.849,0.049678609,3.475451421
284,2.84,0.998026653,-0.49950998,0.411766436,1.647065742,0.852,1.099533672,4.508882523
285,2.85,0.993641101,-0.542621067,0.417356392,1.66942557,0.855,0.000659191,3.393461187
286,2.86,0.986771964,-0.582261231,0.422779412,1.691117649,0.858,0.108603507,3.485011302
287,2.87,0.977436411,-0.61817691,0.428033326,1.712133304,0.861,0.408094398,3.768520529
288,2.88,0.965657777,-0.650138367,0.433116032,1.732464128,0.864,1.0942721,4.43937167
289,2.89,0.9514655,-0.677941157,0.438025497,1.75210199,0.867,0.953234431,4.283886262
290,2.9,0.934895056,-0.701407436,0.442759758,1.771039034,0.87,0.164935586,3.482221997
291,2.91,0.91598786,-0.720387102,0.447316922,1.789267686,0.873,0.39658303,3.701768395
292,2.92,0.894791172,-0.734758749,0.451695164,1.806780655,0.876,1.010384034,4.304892276
293,2.93,0.871357972,-0.744430447,0.455892734,1.823570936,0.879,0.962533647,4.247924842
294,2.94,0.845746831,-0.749340331,0.459907953,1.839631813,0.882,0.558395621,3.836341887
295,2.95,0.818021763,-0.749456994,0.463739215,1.854956861,0.885,0.860241143,4.132501989
296,2.96,0.788252067,-0.74477969,0.467384988,1.869539952,0.888,1.073480233,4.341877551
297,2.97,0.756512152,-0.735338337,0.470843813,1.883375252,0.891,0.055735112,3.322127991
298,2.98,0.72288135,-0.721193329,0.474114307,1.896457226,0.894,0.514373724,3.780633277
299,2.99,0.68744372,-0.702435144,0.477195161,1.908780643,0.897,1.124377503,4.392361883
300,3,0.65028784,-0.679183772,0.480085143,1.920340573,0.9,0.159201333,3.430731118
301,3.01,0.611506579,-0.651587941,0.482783098,1.931132393,0.903,0.619635354,3.896469483
302,3.02,0.57119687,-0.619824171,0.485287946,1.941151785,0.906,0.149761566,3.433573996
303,3.03,0.529459466,-0.584095641,0.487598686,1.950394743,0.909,1.289491312,4.581848565
304,3.04,0.486398689,-0.544630893,0.489714392,1.958857568,0.912,0.996546273,4.298886029
305,3.05,0.442122169,-0.501682365,0.491634219,1.966536877,0.915,1.073837608,4.387448507
306,3.06,0.396740573,-0.455524783,0.493357399,1.973429597,0.918,0.621715114,3.947717901
307,3.07,0.350367333,-0.406453396,0.494883243,1.979532972,0.921,0.619399738,3.958729889
308,3.08,0.303118357,-0.354782095,0.49621114,1.984844559,0.924,0.898719874,4.252111835
309,3.09,0.255111743,-0.300841399,0.497340559,1.989362236,0.927,0.2273325,3.595305639
310,3.1,0.206467482,-0.244976345,0.498271049,1.993084194,0.93,1.364307236,4.747153616
311,3.11,0.15730716,-0.187544278,0.499002236,1.996008945,0.933,1.115580413,4.513354477
312,3.12,0.107753652,-0.128912567,0.49953383,1.998135319,0.936,0.302417233,3.714927467
313,3.13,0.057930816,-0.069456257,0.499865616,1.999462466,0.939,0.804586255,4.231388897
314,3.14,0.007963184,-0.009555663,0.499997463,1.999989854,0.942,0.710337531,4.150732369
315,3.15,-0.042024353,0.050406054,0.499929318,1.999717273,0.945,0.225616265,3.678644557
316,3.16,-0.09190685,0.110045345,0.499661208,1.998644831,0.948,1.460504361,4.924948895
317,3.17,-0.141559628,0.168980721,0.49919324,1.996772959,0.951,1.084889952,4.559277244
318,3.18,-0.190858581,0.226835197,0.498525601,1.994102404,0.954,1.251918093,4.734522714
319,3.19,-0.239680487,0.283238702,0.497658559,1.990634234,0.957,1.372351145,4.861202152
320,3.2,-0.287903317,0.337830446,0.496592459,1.986369838,0.96,1.399839767,4.892729193
321,3.21,-0.335406538,0.390261227,0.49532773,1.981310919,0.963,0.913777682,4.408271021
322,3.22,-0.382071417,0.440195669,0.493864876,1.975459503,0.966,0.449252757,3.942701388
323,3.23,-0.427781317,0.487314361,0.492204482,1.96881793,0.969,0.397880714,3.88743617
324,3.24,-0.472421986,0.531315904,0.490347214,1.961388855,0.972,1.089638171,4.572268157
325,3.25,-0.515881847,0.571918838,0.488293813,1.953175251,0.975,0.140079607,3.612585662
326,3.26,-0.558052271,0.608863443,0.486045101,1.944180404,0.978,0.146971391,3.606008068
327,3.27,-0.598827856,0.6419134,0.483601977,1.934407909,0.981,1.023794531,4.465889962
328,3.28,-0.638106682,0.670857302,0.480965419,1.923861678,0.984,0.290453509,3.712031226
329,3.29,-0.675790575,0.695510007,0.478136482,1.912545927,0.987,1.311655926,4.709057767
330,3.3,-0.711785342,0.715713821,0.475116296,1.900465184,0.99,1.436737916,4.806247874
331,3.31,-0.746001017,0.731339509,0.47190607,1.88762428,0.993,0.811368466,4.149237307
332,3.32,-0.778352079,0.74228712,0.468507088,1.874028351,0.996,0.55756408,3.86003456
333,3.33,-0.808757665,0.748486626,0.464920709,1.859682836,0.999,0.799399321,4.062731828
334,3.34,-0.837141778,0.749898373,0.461148368,1.844593473,1.002,1.048154098,4.268652534
335,3.35,-0.863433473,0.746513329,0.457191574,1.828766296,1.005,1.186489861,4.360527588
336,3.36,-0.887567034,0.738353147,0.45305191,1.812207638,1.008,0.173468767,3.297514428
337,3.37,-0.909482139,0.725470025,0.44873103,1.794924121,1.011,0.199303351,3.269946388
338,3.38,-0.929124013,0.70794637,0.444230665,1.776922658,1.014,0.245544248,3.259519928
339,3.39,-0.94644356,0.685894274,0.439552612,1.75821045,1.017,1.488187589,4.442401365
340,3.4,-0.961397492,0.659454796,0.434698745,1.738794981,1.02,0.821327742,3.712878772
341,3.41,-0.97394843,0.628797058,0.429671004,1.718684017,1.023,1.49015949,4.316363138
342,3.42,-0.984065005,0.594117164,0.424471401,1.697885602,1.026,1.480608152,4.239017314
343,3.43,-0.99172193,0.555636948,0.419102014,1.676408056,1.029,1.200316765,3.888741853
344,3.44,-0.996900066,0.513602552,0.413564992,1.654259969,1.032,0.410811647,3.027339094
345,3.45,-0.999586471,0.468282852,0.40786255,1.6314502,1.035,0.575081795,3.118090925
346,3.46,-0.999774431,0.419967739,0.401996968,1.607987873,1.038,0.949149896,3.417328046
347,3.47,-0.997463475,0.368966267,0.395970593,1.583882372,1.041,0.807939413,3.20029517
348,3.48,-0.99265938,0.315604669,0.389785835,1.559143339,1.044,0.92651492,3.242389382
349,3.49,-0.985374154,0.260224279,0.383445167,1.53378067,1.047,0.3795149,2.618590862
350,3.5,-0.975626005,0.203179341,0.376951127,1.507804509,1.05,0.047513644,2.209822616
351,3.51,-0.9634393,0.144834749,0.370306311,1.481225246,1.053,0.721320219,2.807247226
352,3.52,-0.948844498,0.085563709,0.363513378,1.454053513,1.056,0.127755515,2.138041617
353,3.53,-0.931878079,0.025745353,0.356575044,1.426300177,1.059,1.060146884,2.99588938
354,3.54,-0.91258245,-0.034237686,0.349494085,1.397976341,1.062,0.165335145,2.027985436
355,3.55,-0.89100584,-0.09400172,0.342273333,1.369093333,1.065,0.619754007,2.411113114
356,3.56,-0.867202179,-0.153164463,0.334915676,1.339662706,1.068,1.211591564,2.933803303
357,3.57,-0.841230965,-0.211347477,0.327424058,1.309696231,1.071,0.395077084,2.050618931
358,3.58,-0.813157112,-0.268178589,0.319801474,1.279205896,1.074,1.281615673,2.873287342
359,3.59,-0.783050789,-0.323294272,0.312050974,1.248203895,1.077,0.518131449,2.049041257
360,3.6,-0.750987247,-0.376341976,0.304175657,1.216702629,1.08,1.444787311,2.918336374
361,3.61,-0.717046628,-0.426982375,0.296178675,1.184714699,1.083,1.196236548,2.616100919
362,3.62,-0.681313766,-0.474891544,0.288063224,1.152252898,1.086,0.076340232,1.446451044
363,3.63,-0.643877974,-0.519763028,0.279832553,1.119330211,1.089,0.087795621,1.412317384
364,3.64,-0.604832822,-0.561309802,0.271489952,1.085959808,1.092,1.201437928,2.484745064
365,3.65,-0.564275904,-0.599266109,0.263038759,1.052155035,1.095,0.057770289,1.304422069
366,3.66,-0.52230859,-0.633389158,0.254482353,1.017929414,1.098,0.649636894,1.864350914
367,3.67,-0.479035776,-0.663460678,0.245824159,0.983296635,1.101,1.100326908,2.287951247
368,3.68,-0.434565622,-0.689288313,0.237067637,0.94827055,1.104,0.891314495,2.056798747
369,3.69,-0.389009281,-0.710706856,0.228216292,0.912865169,1.107,0.142588827,1.290954152
370,3.7,-0.342480618,-0.7275793,0.219273664,0.877094655,1.11,0.413957021,1.550265421
371,3.71,-0.295095933,-0.73979772,0.210243329,0.840973315,1.113,0.714148093,1.843471084
372,3.72,-0.246973662,-0.747283959,0.201128899,0.804515596,1.116,0.256331415,1.38371829
373,3.73,-0.198234085,-0.74999013,0.191934021,0.767736082,1.119,1.337418852,2.46786474
374,3.74,-0.148999026,-0.747898925,0.182662371,0.730649484,1.122,0.002356319,1.140770224
375,3.75,-0.099391547,-0.741023718,0.173317659,0.693270636,1.125,0.470257785,1.621430814
376,3.76,-0.049535641,-0.729408489,0.163903622,0.655614488,1.128,1.135164425,2.303738406
377,3.77,0.000444078,-0.713127534,0.154424026,0.617696104,1.131,0.882059484,2.072496159
378,3.78,0.050422688,-0.692284997,0.144882662,0.579530649,1.134,0.979269142,2.195820145
379,3.79,0.100275267,-0.667014198,0.135283348,0.54113339,1.137,0.621846802,1.868524609
380,3.8,0.14987721,-0.637476784,0.125629921,0.502519685,1.14,1.443213278,2.723763309
381,3.81,0.199104538,-0.603861695,0.115926245,0.463704979,1.143,1.432615791,2.750489857
382,3.82,0.247834208,-0.566383952,0.106176199,0.424704797,1.146,1.327777013,2.686108265
383,3.83,0.295944422,-0.525283284,0.096383685,0.385534738,1.149,0.387798125,1.789377685
384,3.84,0.343314929,-0.480822595,0.086552618,0.346210471,1.152,1.251963652,2.699219074
385,3.85,0.389827327,-0.433286283,0.076686931,0.306747724,1.155,1.45996949,2.954945189
386,3.86,0.43536536,-0.382978418,0.066790571,0.267162282,1.158,1.087516108,2.631855904
387,3.87,0.479815207,-0.330220797,0.056867495,0.227469979,1.161,1.248761174,2.843693058
388,3.88,0.523065765,-0.27535089,0.046921673,0.187686691,1.164,1.240119696,2.886442935
389,3.89,0.565008931,-0.218719678,0.036957083,0.147828331,1.167,0.012684687,1.710759355
390,3.9,0.60553987,-0.160689405,0.02697771,0.107910841,1.17,1.260648965,3.010387981
391,3.91,0.644557274,-0.101631269,0.016987547,0.067950189,1.173,1.1641764,2.96504014
392,3.92,0.68196362,-0.04192304,0.006990589,0.027962357,1.176,0.21871894,2.069712467
393,3.93,0.717665413,0.018053354,-0.003009165,-0.012036659,1.179,1.117917587,3.01759053
394,3.94,0.751573415,0.077914268,-0.013007715,-0.052030861,1.182,0.324713194,2.271162301
395,3.95,0.783602876,0.137276797,-0.023001063,-0.092004251,1.185,1.145774973,3.136649332
396,3.96,0.813673738,0.195761222,-0.03298521,-0.131940841,1.188,1.336471418,3.368980326
397,3.97,0.841710838,0.252993444,-0.042956164,-0.171824656,1.191,0.381617736,2.452541198
398,3.98,0.867644101,0.308607371,-0.052909936,-0.211639743,1.194,0.172794026,2.278495818
399,3.99,0.891408704,0.362247264,-0.062842544,-0.251370178,1.197,0.597206362,2.733649608
400,4,0.912945251,0.413570011,-0.072750017,-0.291000068,1.2,0.556628706,2.719393883
401,4.01,0.932199909,0.462247321,-0.08262839,-0.330513561,1.203,0.821083481,3.00538876
402,4.02,0.949124554,0.507967826,-0.092473713,-0.369894854,1.206,0.077843805,2.278567617
403,4.03,0.963676881,0.55043907,-0.102282048,-0.409128193,1.209,0.35940056,2.571106269
404,4.04,0.975820518,0.589389382,-0.112049472,-0.448197887,1.212,0.518188552,2.735151093
405,4.05,0.985525112,0.624569614,-0.121772077,-0.487088307,1.215,0.126013107,2.342247448
406,4.06,0.992766406,0.655754732,-0.131445975,-0.525783899,1.218,1.379829893,3.589121157
407,4.07,0.997526301,0.682745257,-0.141067296,-0.564269184,1.221,0.986806133,3.18274121
408,4.08,0.9997929,0.705368542,-0.150632192,-0.602528769,1.224,1.336363475,3.512363956
409,4.09,0.999560538,0.723479876,-0.160136838,-0.640547351,1.227,1.158048207,3.307404433
410,4.1,0.996829794,0.736963408,-0.16957743,-0.678309722,1.23,1.189599191,3.305505241
411,4.11,0.991607496,0.745732889,-0.178950195,-0.715800778,1.233,1.084178726,3.159768137
412,4.12,0.983906695,0.749732224,-0.188251381,-0.753005524,1.236,1.307857147,3.336239161
413,4.13,0.973746639,0.748935832,-0.197477269,-0.789909077,1.239,1.315509379,3.289805504
414,4.14,0.961152725,0.743348806,-0.206624169,-0.826496677,1.242,0.484150412,2.397531096
415,4.15,0.946156428,0.733006884,-0.215688422,-0.86275369,1.245,0.491255085,2.336976286
416,4.16,0.928795234,0.71797622,-0.224666403,-0.898665613,1.248,0.501921275,2.273360713
417,4.17,0.909112535,0.698352958,-0.23355452,-0.934218081,1.251,1.021428691,2.712121584
418,4.18,0.887157529,0.674262621,-0.242349219,-0.969396875,1.254,1.473432476,3.077106532
419,4.19,0.86298509,0.645859304,-0.251046981,-1.004187922,1.257,0.987417383,2.498026874
420,4.2,0.836655639,0.613324691,-0.259644327,-1.038577308,1.26,0.608033617,2.019792311
421,4.21,0.808234983,0.576866893,-0.268137819,-1.072551277,1.263,0.309376978,1.616789758
422,4.22,0.777794162,0.536719116,-0.27652406,-1.10609624,1.266,0.609252775,1.807145753
423,4.23,0.74540926,0.493138168,-0.284799695,-1.139198779,1.269,0.007168728,1.090717682
424,4.24,0.711161223,0.446402819,-0.292961413,-1.171845653,1.272,0.185205299,1.149962274
425,4.25,0.675135653,0.396812015,-0.301005951,-1.204023805,1.275,1.18912703,2.031044941
426,4.26,0.637422596,0.344682968,-0.308930091,-1.235720364,1.278,0.049430297,0.764885406
427,4.27,0.598116314,0.290349126,-0.316730663,-1.266922651,1.281,0.794763962,1.380576089
428,4.28,0.557315054,0.234158041,-0.324404546,-1.297618185,1.284,1.3400357,1.793486063
429,4.29,0.515120795,0.176469144,-0.331948673,-1.32779469,1.287,0.611990085,0.930836662
430,4.3,0.471639003,0.117651446,-0.339360024,-1.357440095,1.29,1.371430273,1.553920604
431,4.31,0.426978359,0.058081181,-0.346635635,-1.386542541,1.293,0.949930716,0.99481208
432,4.32,0.381250492,-0.001860606,-0.353772597,-1.415090389,1.296,1.441650679,1.348177578
433,4.33,0.334569696,-0.061790491,-0.360768055,-1.44307222,1.299,1.3791563,1.14709523
434,4.34,0.287052651,-0.121325128,-0.36761921,-1.470476841,1.302,0.960373678,0.59000515
435,4.35,0.238818124,-0.180083698,-0.374323323,-1.497293291,1.305,1.457759902,0.949877713
436,4.36,0.189986676,-0.237690348,-0.380877711,-1.523510844,1.308,0.006648844,-0.637443382
437,4.37,0.14068036,-0.29377659,-0.387279753,-1.549119012,1.311,1.092389216,0.313894221
438,4.38,0.091022416,-0.347983664,-0.393526889,-1.574107554,1.314,0.564487115,-0.346108576
439,4.39,0.041136964,-0.39996483,-0.399616618,-1.598466474,1.317,1.142787544,0.102876586
440,4.4,-0.008851309,-0.449387587,-0.405546507,-1.622186028,1.32,0.89368647,-0.272284961
441,4.41,-0.058817459,-0.495935796,-0.411314182,-1.64525673,1.323,1.318140118,0.02981595
442,4.42,-0.108636595,-0.539311709,-0.416917338,-1.667669351,1.326,0.164472454,-1.242062538
443,4.43,-0.158184197,-0.579237868,-0.422353731,-1.689414926,1.329,1.083079525,-0.437111197
444,4.44,-0.207336421,-0.61545888,-0.427621189,-1.710484758,1.332,0.689163656,-0.939737592
445,4.45,-0.255970411,-0.647743057,-0.432717605,-1.730870418,1.335,1.076113619,-0.656187872
446,4.46,-0.303964609,-0.675883888,-0.437640939,-1.750563754,1.338,0.490202161,-1.339851028
447,4.47,-0.351199053,-0.699701368,-0.442389222,-1.769556888,1.341,0.820044875,-1.101801656
448,4.48,-0.397555683,-0.719043148,-0.446960556,-1.787842222,1.344,1.008828748,-0.998572861
449,4.49,-0.442918631,-0.733785506,-0.451353111,-1.805412443,1.347,1.175278623,-0.911191067
450,4.5,-0.487174512,-0.74383414,-0.455565131,-1.822260524,1.35,1.383280744,-0.775553563
451,4.51,-0.530212712,-0.749124774,-0.459594931,-1.838379724,1.353,0.06168563,-2.162626511
452,4.52,-0.571925655,-0.749623567,-0.463440899,-1.853763597,1.356,0.72712609,-1.555627628
453,4.53,-0.612209082,-0.745327326,-0.467101497,-1.86840599,1.359,0.174606951,-2.159436945
454,4.54,-0.650962306,-0.736263534,-0.470575261,-1.882301045,1.362,0.293384197,-2.084717948
455,4.55,-0.688088462,-0.722490168,-0.473860801,-1.895443204,1.365,1.112033731,-1.302848905
456,4.56,-0.723494756,-0.704095331,-0.476956803,-1.907827212,1.368,0.514054212,-1.93031989
457,4.57,-0.75709269,-0.681196686,-0.479862028,-1.919448114,1.371,0.213590657,-2.253008862
458,4.58,-0.788798286,-0.653940707,-0.482575316,-1.930301262,1.374,1.360852676,-1.120762895
459,4.59,-0.818532297,-0.62250174,-0.485095579,-1.940382316,1.377,1.24660286,-1.242909072
460,4.6,-0.846220404,-0.587080885,-0.487421811,-1.949687243,1.38,0.522515222,-1.967895121
461,4.61,-0.871793401,-0.547904716,-0.48955308,-1.958212321,1.383,1.223973625,-1.260489893
462,4.62,-0.895187368,-0.505223827,-0.491488535,-1.965954139,1.386,0.990610658,-1.481243211
463,4.63,-0.916343833,-0.45931123,-0.493227401,-1.972909603,1.389,1.080490409,-1.372301657
464,4.64,-0.935209915,-0.410460608,-0.494768982,-1.979075929,1.392,0.866827242,-1.560688192
465,4.65,-0.95173846,-0.358984439,-0.496112663,-1.984450651,1.395,0.717255932,-1.679030281
466,4.66,-0.965888154,-0.305211995,-0.497257905,-1.989031619,1.398,0.53815756,-1.821232113
467,4.67,-0.977623631,-0.249487235,-0.49820425,-1.992817001,1.401,0.995916111,-1.321216007
468,4.68,-0.986915558,-0.192166608,-0.498951321,-1.995805283,1.404,0.46597562,-1.803863151
469,4.69,-0.99374071,-0.133616772,-0.499498817,-1.997995269,1.407,1.429865775,-0.787985793
470,4.7,-0.998082028,-0.074212243,-0.499846521,-1.999386084,1.41,1.101429774,-1.060097102
471,4.71,-0.999928661,-0.01433301,-0.499994293,-1.999977171,1.413,1.01542201,-1.085811124
472,4.72,-0.999275992,0.045637906,-0.499942073,-1.999768294,1.416,0.896895574,-1.140452879
473,4.73,-0.996125654,0.105316895,-0.499689884,-1.998759536,1.419,1.267115485,-0.703142694
474,4.74,-0.990485521,0.164322215,-0.499237825,-1.996951301,1.422,0.596067205,-1.304285228
475,4.75,-0.98236969,0.222276434,-0.498586078,-1.994344312,1.425,0.607968934,-1.220054712
476,4.76,-0.971798446,0.278808842,-0.497734903,-1.990939612,1.428,1.473894319,-0.2797698
477,4.77,-0.958798212,0.333557825,-0.496684641,-1.986738563,1.431,0.558539163,-1.119124427
478,4.78,-0.943401482,0.386173177,-0.495435711,-1.981742845,1.434,0.491289682,-1.109117179
479,4.79,-0.925646739,0.436318337,-0.493988614,-1.975954456,1.437,0.938680013,-0.583591459
480,4.8,-0.905578362,0.48367255,-0.492343928,-1.969375712,1.44,0.167054956,-1.276570496
481,4.81,-0.88324651,0.527932908,-0.490502311,-1.962009243,1.443,1.303896888,-0.060928268
482,4.82,-0.858707003,0.568816298,-0.488464499,-1.953857997,1.446,0.712824223,-0.573388979
483,4.83,-0.832021174,0.606061205,-0.486231309,-1.944925234,1.449,0.920313729,-0.287802784
484,4.84,-0.803255727,0.639429388,-0.483803632,-1.935214527,1.452,1.198167638,0.067323141
485,4.85,-0.772482558,0.668707405,-0.48118244,-1.92472976,1.455,1.475341653,0.420654301
486,4.86,-0.739778585,0.693707977,-0.478368782,-1.913475126,1.458,1.348587109,0.368672592
487,4.87,-0.705225551,0.714271185,-0.475363782,-1.901455128,1.461,1.462393973,0.555620696
488,4.88,-0.66890982,0.730265495,-0.472168643,-1.888674573,1.464,0.002214716,-0.833272827
489,4.89,-0.630922164,0.741588598,-0.468784644,-1.875138574,1.467,0.821383399,0.055126615
490,4.9,-0.59135753,0.748168064,-0.465213136,-1.860852544,1.47,0.327120565,-0.372134581
491,4.91,-0.55031481,0.749961808,-0.46145555,-1.845822198,1.473,1.450161051,0.815530301
492,4.92,-0.50789659,0.746958356,-0.457513387,-1.830053548,1.476,1.01978008,0.447274911
493,4.93,-0.464208893,0.73917692,-0.453388225,-1.813552901,1.479,0.411006443,-0.101966656
494,4.94,-0.419360916,0.726667274,-0.449081714,-1.796326856,1.482,1.008341532,0.55223932
495,4.95,-0.373464755,0.709509437,-0.444595576,-1.778382305,1.485,0.096677956,-0.305255243
496,4.96,-0.326635126,0.687813161,-0.439931606,-1.759726425,1.488,0.184146288,-0.166333708
497,4.97,-0.27898908,0.661717228,-0.435091669,-1.740366678,1.491,1.268705207,0.966975008
498,4.98,-0.230645706,0.631388563,-0.430077702,-1.720310807,1.494,0.960324627,0.704678976
499,4.99,-0.181725838,0.597021166,-0.424891709,-1.699566834,1.497,1.307156651,1.094993435
500,5,-0.13235175,0.55883487,-0.419535765,-1.678143058,1.5,1.381252817,1.210057114
501,5.01,-0.082646852,0.517073939,-0.414012012,-1.656048047,1.503,0.578372366,0.445739394
502,5.02,-0.032735379,0.472005499,-0.40832266,-1.633290639,1.506,0.577839946,0.481496768
503,5.03,0.017257914,0.423917835,-0.402469984,-1.609879936,1.509,1.407611815,1.345437645
504,5.04,0.067208073,0.373118543,-0.396456326,-1.585825303,1.512,0.896698848,0.866743835
505,5.05,0.116990245,0.319932565,-0.39028409,-1.56113636,1.515,1.22192838,1.22243074
506,5.06,0.166480004,0.264700111,-0.383955746,-1.535822984,1.518,1.211587962,1.240989347
507,5.07,0.215553648,0.20777448,-0.377473825,-1.5098953,1.521,0.275452436,0.33241144
508,5.08,0.264088521,0.149519801,-0.370840919,-1.483363677,1.524,0.311443579,0.394847305
509,5.09,0.311963311,0.090308706,-0.364059682,-1.456238729,1.527,1.480864386,1.589837992
510,5.1,0.359058354,0.030519943,-0.357132826,-1.428531304,1.53,1.327148524,1.461062691
511,5.11,0.405255939,-0.029464043,-0.350063122,-1.400252486,1.533,0.881531151,1.040007438
512,5.12,0.450440594,-0.08925956,-0.342853396,-1.371413586,1.536,0.467131794,0.650045846
513,5.13,0.494499383,-0.148484121,-0.335506535,-1.342026138,1.539,0.497386029,0.704868618
514,5.14,0.537322181,-0.20675889,-0.328025475,-1.312101898,1.542,0.750820365,0.983256284
515,5.15,0.578801953,-0.263711107,-0.320413209,-1.281652835,1.545,1.421122537,1.679147339
516,5.16,0.618835022,-0.318976474,-0.312672782,-1.250691128,1.548,1.107852171,1.39234681
517,5.17,0.657321326,-0.372201479,-0.30480729,-1.219229161,1.551,1.057502309,1.369585704
518,5.18,0.694164668,-0.423045665,-0.29681988,-1.187279518,1.554,0.642366605,0.98338621
519,5.19,0.729272961,-0.471183803,-0.288713745,-1.15485498,1.557,0.147516419,0.519036851
520,5.2,0.76255845,-0.516307972,-0.280492129,-1.121968515,1.56,1.266307688,1.670097523
521,5.21,0.793937941,-0.558129532,-0.272158319,-1.088633277,1.563,0.066915619,0.504932431
522,5.22,0.823333001,-0.596380968,-0.26371565,-1.054862601,1.566,1.028412553,1.502786334
523,5.23,0.850670156,-0.630817601,-0.255167498,-1.020669994,1.569,1.114266384,1.627281447
524,5.24,0.87588108,-0.661219154,-0.246517283,-0.986069132,1.572,0.35869746,0.91277297
525,5.25,0.898902757,-0.687391161,-0.237768464,-0.951073856,1.575,0.37837799,0.976047266
526,5.26,0.919677645,-0.70916621,-0.228924541,-0.915698163,1.578,0.089788345,0.733677076
527,5.27,0.938153818,-0.726405016,-0.219989051,-0.879956203,1.581,1.403703878,2.096507426
528,5.28,0.954285094,-0.738997308,-0.210965568,-0.843862272,1.584,1.021242848,1.765702794
529,5.29,0.968031156,-0.74686254,-0.201857702,-0.807430808,1.587,1.402874186,2.201754292
530,5.3,0.979357643,-0.7499504,-0.192669095,-0.770676382,1.59,0.879353071,1.735414837
531,5.31,0.988236246,-0.748241136,-0.183403424,-0.733613695,1.593,1.20816212,2.124140111
532,5.32,0.994644774,-0.741745683,-0.174064393,-0.696257573,1.596,0.903870115,1.882447239
533,5.33,0.998567207,-0.730505589,-0.164655739,-0.658622957,1.599,0.090392073,1.134174994
534,5.34,0.999993743,-0.714592752,-0.155181225,-0.620724901,1.602,0.834293646,1.94578851
535,5.35,0.998920815,-0.69410896,-0.145644641,-0.582578563,1.605,1.128065912,2.309654562
536,5.36,0.995351105,-0.66918524,-0.1360498,-0.544199202,1.608,0.227944845,1.481861708
537,5.37,0.989293536,-0.639981017,-0.126400542,-0.505602168,1.611,1.386894026,2.715203835
538,5.38,0.980763248,-0.6066831,-0.116700725,-0.4668029,1.614,0.78126039,2.185836913
539,5.39,0.969781563,-0.569504482,-0.106954229,-0.427816917,1.617,1.404957234,2.887463169
540,5.4,0.956375928,-0.528682978,-0.097164953,-0.388659813,1.62,0.585134944,2.147003128
541,5.41,0.940579853,-0.484479708,-0.087336813,-0.34934725,1.623,0.252566479,1.894982561
542,5.42,0.922432817,-0.43717742,-0.077473738,-0.309894953,1.626,0.207365391,1.931252096
543,5.43,0.90198018,-0.387078689,-0.067579676,-0.270318702,1.629,0.80791287,2.613915982
544,5.44,0.879273062,-0.334503976,-0.057658582,-0.230634327,1.632,1.13028085,3.018757026
545,5.45,0.854368219,-0.279789578,-0.047714426,-0.190857702,1.635,1.04738279,3.018389303
546,5.46,0.827327901,-0.223285482,-0.037751184,-0.151004736,1.638,0.84301201,2.896298509
547,5.47,0.798219693,-0.165353121,-0.027772843,-0.11109137,1.641,0.632319717,2.767322076
548,5.48,0.767116353,-0.106363065,-0.017783392,-0.071133569,1.644,0.909145528,3.124981854
549,5.49,0.734095621,-0.046692647,-0.007786829,-0.031147316,1.647,0.447038547,2.742507376
550,5.5,0.699240032,0.013276444,0.002212849,0.008851396,1.65,1.475086862,3.848667582
551,5.51,0.662636707,0.073160611,0.012211642,0.048846567,1.653,0.702138661,3.151994188
552,5.52,0.624377135,0.1325768,0.02220555,0.088822201,1.656,1.355198537,3.879180223
553,5.53,0.584556946,0.191144949,0.032190577,0.128762307,1.659,1.027975498,3.623630277
554,5.54,0.543275669,0.248490424,0.042162727,0.168650909,1.662,1.006541504,3.671121234
555,5.55,0.500636486,0.304246407,0.052118013,0.208472054,1.665,0.047837417,2.778310378
556,5.56,0.456745972,0.358056252,0.062052453,0.248209812,1.668,0.065427805,2.858492295
557,5.57,0.411713831,0.409575759,0.071962072,0.28784829,1.671,0.901590854,3.753690807
558,5.58,0.36565262,0.458475379,0.081842908,0.327371632,1.674,0.559804156,3.467146696
559,5.59,0.318677468,0.504442321,0.091691008,0.36676403,1.677,1.400291697,4.358866524
560,5.6,0.270905788,0.547182553,0.101502432,0.406009728,1.68,0.834160043,3.839760544
561,5.61,0.222456985,0.586422684,0.111273257,0.445093026,1.683,1.323415318,4.371661271
562,5.62,0.173452155,0.621911712,0.120999574,0.483998294,1.686,0.677658056,3.76401979
563,5.63,0.124013785,0.653422627,0.130677492,0.522709969,1.689,0.253289196,3.373113069
564,5.64,0.074265446,0.680753867,0.140303142,0.561212566,1.692,0.791852806,3.940387827
565,5.65,0.024331481,0.703730605,0.149872672,0.599490687,1.695,0.024717007,3.197142451
566,5.66,-0.0256633,0.722205869,0.159382255,0.637529018,1.698,1.043175873,4.234629715
567,5.67,-0.075593936,0.73606148,0.168828087,0.675312347,1.701,0.436702259,3.642310237
568,5.68,-0.125335626,0.745208809,0.17820639,0.71282556,1.704,1.286359083,4.501264217
569,5.69,-0.174764043,0.749589346,0.187513413,0.750053652,1.707,0.419187649,3.638580017
570,5.7,-0.22375564,0.749175068,0.196745433,0.786981733,1.71,1.050115527,4.269262121
571,5.71,-0.272187965,0.743968627,0.205898758,0.823595031,1.713,0.866526651,4.080801101
572,5.72,-0.319939962,0.734003325,0.214969726,0.859878903,1.716,0.207297802,3.412209794
573,5.73,-0.366892275,0.719342907,0.223954708,0.895818834,1.719,1.482356173,4.673580347
574,5.74,-0.412927549,0.700081149,0.232850112,0.93140045,1.722,0.100245996,3.273650158
575,5.75,-0.457930719,0.676341261,0.241652379,0.966609518,1.725,0.21305249,3.364724928
576,5.76,-0.501789301,0.648275097,0.250357989,1.001431955,1.728,0.848126154,3.974401893
577,5.77,-0.544393671,0.616062184,0.258963458,1.035853832,1.731,0.183811876,3.28129768
578,5.78,-0.58563734,0.579908576,0.267465346,1.069861382,1.734,1.31571521,4.381313174
579,5.79,-0.625417221,0.540045532,0.27586025,1.103441002,1.737,0.54651116,3.577440724
580,5.8,-0.663633884,0.49672804,0.284144815,1.13657926,1.74,1.343657405,4.337475635
581,5.81,-0.700191809,0.450233183,0.292315725,1.169262901,1.743,0.359518442,3.314138443
582,5.82,-0.734999618,0.40085837,0.300369713,1.201478853,1.746,0.535172945,3.448880264
583,5.83,-0.767970311,0.348919432,0.308303557,1.233214229,1.749,1.085447573,3.95691448
584,5.84,-0.799021479,0.2947486,0.316114084,1.264456336,1.752,0.107670588,2.93596813
585,5.85,-0.828075508,0.238692383,0.323798169,1.295192677,1.755,0.430774739,3.21538246
586,5.86,-0.855059781,0.18110935,0.33135274,1.325410959,1.758,0.437973344,3.178786611
587,5.87,-0.879906849,0.122367834,0.338774773,1.355099094,1.761,0.719068357,3.416403209
588,5.88,-0.902554608,0.062843582,0.346061302,1.384245207,1.764,0.147535804,2.802131287
589,5.89,-0.922946451,0.002917346,0.35320941,1.412837641,1.767,1.022338366,3.635356311
590,5.9,-0.941031408,-0.057027552,0.360216239,1.440864958,1.77,0.169249715,2.742271952
591,5.91,-0.956764277,-0.116607668,0.367078987,1.468315949,1.773,0.502832222,3.037855213
592,5.92,-0.970105734,-0.175441893,0.373794908,1.495179632,1.776,0.422246308,2.921673223
593,5.93,-0.981022431,-0.233153888,0.380361316,1.521445264,1.779,0.932097274,3.398727536
594,5.94,-0.989487083,-0.289374494,0.386775585,1.547102338,1.782,0.258126877,2.695143223
595,5.95,-0.995478533,-0.343744091,0.393035148,1.572140592,1.785,0.401127238,2.812080354
596,5.96,-0.998981805,-0.395914899,0.399137503,1.596550011,1.788,0.922780513,3.311571323
597,5.97,-0.999988143,-0.445553202,0.405080208,1.620320831,1.791,0.718479329,3.089339022
598,5.98,-0.998495031,-0.492341486,0.410860886,1.643443544,1.794,1.085823978,3.443291891
599,5.99,-0.994506201,-0.535980464,0.416477225,1.665908901,1.797,0.732482869,3.081382331
600,6,-0.988031624,-0.576190996,0.421926979,1.687707917,1.8,1.106163189,3.451575466
601,6.01,-0.979087483,-0.612715872,0.427207968,1.708831873,1.803,0.301737086,2.648973572
602,6.02,-0.967696132,-0.645321458,0.43231808,1.729272319,1.806,0.479169115,2.833741924
603,6.03,-0.953886045,-0.673799188,0.43725527,1.749021078,1.809,0.543215995,2.910807109
604,6.04,-0.93769174,-0.697966903,0.442017563,1.768070253,1.812,1.451196864,3.837626037
605,6.05,-0.919153694,-0.717670012,0.446603056,1.786412223,1.815,1.253587584,3.664779157
606,6.06,-0.898318243,-0.732782482,0.451009913,1.804039652,1.818,0.267719749,2.70966859
607,6.07,-0.875237463,-0.743207645,0.455236372,1.820945489,1.821,0.820078594,3.298815348
608,6.08,-0.849969046,-0.748878815,0.459280743,1.837122973,1.824,1.346406043,3.867961898
609,6.09,-0.822576149,-0.749759716,0.463141408,1.852565631,1.827,1.421688486,3.99205966
610,6.1,-0.793127239,-0.745844714,0.466816822,1.867267288,1.83,0.994315722,3.619427879
611,6.11,-0.761695925,-0.73715885,0.470305516,1.881222063,1.833,0.146415772,2.832088576
612,6.12,-0.728360768,-0.723757686,0.473606094,1.894424374,1.836,0.154047082,2.905959096
613,6.13,-0.693205088,-0.705726943,0.476717235,1.906868941,1.839,1.14427932,3.967933467
614,6.14,-0.656316756,-0.683181955,0.479637696,1.918550786,1.842,0.331576326,3.232266098
615,6.15,-0.617787974,-0.656266934,0.482366309,1.929465236,1.845,0.674268033,3.657044669
616,6.16,-0.577715044,-0.625154045,0.484901981,1.939607925,1.848,1.072371265,4.142012082
617,6.17,-0.536198128,-0.590042303,0.487243699,1.948974798,1.851,0.694233506,3.855211572
618,6.18,-0.493340995,-0.551156304,0.489390526,1.957562106,1.854,0.051280718,3.307736052
619,6.19,-0.449250767,-0.508744785,0.491341604,1.965366415,1.857,0.805230256,4.160942723
620,6.2,-0.404037645,-0.463079036,0.493096151,1.972384605,1.86,0.966935461,4.425299535
621,6.21,-0.35781464,-0.414451161,0.494653467,1.978613866,1.863,1.353637213,4.917638744
622,6.22,-0.310697285,-0.363172214,0.496012927,1.984051709,1.866,0.624050351,4.296245488
623,6.23,-0.262803348,-0.309570203,0.497173989,1.988695957,1.869,1.345649844,5.128146239
624,6.24,-0.21425254,-0.253988,0.498136188,1.992544753,1.872,0.580723215,4.475163617
625,6.25,-0.165166212,-0.19678114,0.49889914,1.995596558,1.875,0.278277647,4.285825992
626,6.26,-0.115667055,-0.138315553,0.499462538,1.997850151,1.878,0.683499028,4.804829109
627,6.27,-0.06587879,-0.078965218,0.499826158,1.999304631,1.881,1.445782544,5.681069325
628,6.28,-0.015925863,-0.019109775,0.499989854,1.999959415,1.884,0.460458637,4.809372269
629,6.29,0.034066871,0.040867906,0.499953561,1.999814243,1.887,0.42817674,4.88987932
630,6.3,0.083974456,0.100584171,0.499717293,1.998869171,1.89,0.321829234,4.894974324
631,6.31,0.133672148,0.15965704,0.499281145,1.997124578,1.893,0.142054874,4.824789785
632,6.32,0.183035729,0.21770865,0.498645291,1.994581162,1.896,0.894231025,5.684201857
633,6.33,0.231941816,0.274367667,0.497809985,1.991239941,1.899,1.351246962,6.245606371
634,6.34,0.28026817,0.329271667,0.496775562,1.987102249,1.902,0.367893728,5.363311377
635,6.35,0.327893999,0.382069453,0.495542436,1.982169744,1.905,0.842458433,5.935134064
636,6.36,0.374700264,0.432423298,0.494111099,1.976444397,1.908,0.565894645,5.751573701
637,6.37,0.420569973,0.480011109,0.492482124,1.969928498,1.911,1.367732218,6.641723922
638,6.38,0.465388476,0.524528487,0.490656164,1.962624654,1.914,1.260978721,6.618176503
639,6.39,0.509043751,0.565690673,0.488633947,1.954535787,1.917,0.003010012,5.43791417
640,6.4,0.551426681,0.603234369,0.486416283,1.945665131,1.92,1.181604057,6.688346521
641,6.41,0.592431332,0.636919424,0.484004059,1.936016236,1.923,0.506278675,6.078649725
642,6.42,0.631955213,0.666530368,0.48139824,1.925592959,1.926,0.127789221,5.759266001
643,6.43,0.669899535,0.691877792,0.478599868,1.914399471,1.929,0.921480707,6.605257373
644,6.44,0.706169457,0.71279956,0.475610062,1.902440249,1.932,1.231973774,6.960993102
645,6.45,0.740674323,0.729161843,0.472430019,1.889720076,1.935,0.973024617,6.740010878
646,6.46,0.77332789,0.740859978,0.46906101,1.876244041,1.938,0.549879023,6.347371941
647,6.47,0.804048539,0.747819138,0.465504383,1.862017532,1.941,0.952174953,6.772564544
648,6.48,0.832759485,0.749994807,0.46176156,1.847046242,1.944,0.866786611,6.702348706
649,6.49,0.859388967,0.747373069,0.457834039,1.831336157,1.947,0.576981099,6.419913332
650,6.5,0.883870424,0.739970694,0.453723391,1.814893563,1.95,1.112621558,6.955079629
651,6.51,0.906142664,0.727835032,0.449431259,1.797725035,1.953,1.321066673,7.155200663
652,6.52,0.926150021,0.711043709,0.44495936,1.779837442,1.956,1.205173746,7.023164277
653,6.53,0.943842484,0.689704133,0.440309484,1.761237937,1.959,0.417138671,6.211232709
654,6.54,0.959175833,0.663952804,0.43548349,1.74193396,1.962,1.19518137,6.957727457
655,6.55,0.972111742,0.633954443,0.430483308,1.721933233,1.965,0.997136025,6.720618751
656,6.56,0.982617877,0.599900937,0.425310939,1.701243756,1.968,0.534215846,6.211289355
657,6.57,0.99066798,0.562010113,0.419968451,1.679873803,1.971,0.255042268,5.878562616
658,6.58,0.996241929,0.520524341,0.414457981,1.657831924,1.974,1.288490873,6.851547048
659,6.59,0.999325791,0.47570899,0.408781734,1.635126934,1.977,0.659153569,6.155097019
660,6.6,0.99991186,0.427850725,0.402941979,1.611767915,1.98,0.964708915,6.387181395
661,6.61,0.99799867,0.377255676,0.396941053,1.587764211,1.983,0.177532487,5.520492096
662,6.62,0.993591003,0.324247477,0.390781355,1.563125422,1.986,1.32831728,6.586062537
663,6.63,0.986699875,0.269165201,0.384465351,1.537861403,1.989,0.125814325,5.293006155
664,6.64,0.977342512,0.212361187,0.377995565,1.511982261,1.992,0.740500294,5.812181819
665,6.65,0.965542302,0.154198785,0.371374586,1.485498345,1.995,1.409156894,6.380770913
666,6.66,0.951328739,0.095050038,0.364605063,1.458420251,1.998,0.32226131,5.1896654
667,6.67,0.934737349,0.035293295,0.357689702,1.430758807,2.001,1.007519573,5.766998725
668,6.68,0.915809603,-0.024689205,0.35063127,1.402525079,2.004,0.746502522,5.394779268
669,6.69,0.89459281,-0.084513779,0.34343259,1.37373036,2.007,0.227815441,4.762057422
670,6.7,0.87114,-0.143797752,0.336096542,1.344386167,2.01,0.610856626,5.028681582
671,6.71,0.845509794,-0.202161911,0.328626059,1.314504238,2.013,1.053680957,5.353159137
672,6.72,0.817766255,-0.259232923,0.321024131,1.284096524,2.016,1.4896681,5.669322086
673,6.73,0.787978725,-0.31464573,0.313293797,1.253175189,2.019,0.672311976,4.731113957
674,6.74,0.756221659,-0.368045877,0.30543815,1.2217526,2.022,0.984703033,4.922069565
675,6.75,0.722574432,-0.419091787,0.297460332,1.189841327,2.025,0.462220807,4.278005111
676,6.76,0.687121146,-0.467456939,0.289363533,1.157454133,2.028,0.029774012,3.724255884
677,6.77,0.649950415,-0.512831962,0.281150993,1.124603972,2.031,0.681356037,4.255229455
678,6.78,0.611155146,-0.554926611,0.272825996,1.091303986,2.034,0.36833968,3.822698196
679,6.79,0.570832308,-0.593471624,0.264391873,1.057567492,2.037,1.393114865,4.729434914
680,6.8,0.529082686,-0.628220443,0.255851996,1.023407985,2.04,0.03662082,3.256743044
681,6.81,0.486010633,-0.658950795,0.247209782,0.988839129,2.043,0.384342188,3.490450936
682,6.82,0.441723807,-0.685466111,0.238468687,0.95387475,2.046,1.381998988,4.376600121
683,6.83,0.396332901,-0.707596783,0.229632208,0.918528834,2.049,0.184362112,3.070259272
684,6.84,0.349951369,-0.72520125,0.22070388,0.882815519,2.052,0.273459013,3.05372853
685,6.85,0.302695141,-0.738166904,0.211687272,0.846749089,2.055,1.064605571,3.742570169
686,6.86,0.254682333,-0.74641081,0.202585993,0.810343971,2.058,0.305013689,2.884215175
687,6.87,0.206032951,-0.749880233,0.193403682,0.773614726,2.061,0.485210662,2.969381789
688,6.88,0.156868595,-0.748552981,0.184144011,0.736576046,2.064,0.681187176,3.074222847
689,6.89,0.107312149,-0.742437545,0.174810686,0.699242745,2.067,0.650433615,2.956361649
690,6.9,0.057487478,-0.731573043,0.165407439,0.661629756,2.07,0.74235779,2.96530942
691,6.91,0.007519119,-0.716028969,0.155938031,0.623752124,2.073,0.082321588,2.226501893
692,6.92,-0.042468035,-0.695904754,0.14640625,0.585625,2.076,1.429729302,3.499387763
693,6.93,-0.09234904,-0.671329123,0.136815908,0.547263633,2.079,1.33850587,3.337907248
694,6.94,-0.141999221,-0.642459277,0.127170842,0.508683368,2.082,0.338707203,2.272102916
695,6.95,-0.191294478,-0.609479883,0.117474909,0.469899637,2.085,1.059159738,2.930759923
696,6.96,-0.240111598,-0.572601899,0.107731988,0.430927952,2.088,0.046945038,1.860891482
697,6.97,-0.288328564,-0.532061216,0.097945975,0.391783902,2.091,0.527189423,2.28752952
698,6.98,-0.335824859,-0.488117157,0.088120786,0.352483143,2.094,0.510534742,2.221196654
699,6.99,-0.382481767,-0.441050814,0.078260349,0.313041396,2.097,1.210032329,2.874801493
700,7,-0.428182669,-0.391163252,0.068368609,0.273474436,2.1,0.319925898,1.942423023
701,7.01,-0.472813338,-0.338773579,0.058449523,0.233798091,2.103,0.176401742,1.760062439
702,7.02,-0.51626222,-0.284216911,0.048507057,0.194028229,2.106,1.107999221,2.656055376
703,7.03,-0.558420715,-0.227842225,0.03854519,0.154180758,2.109,1.003620276,2.519083284
704,7.04,-0.599183449,-0.170010127,0.028567904,0.114271618,2.112,0.465322838,1.950968784
705,7.05,-0.638448537,-0.111090543,0.018579192,0.07431677,2.115,0.306646755,1.765003637
706,7.06,-0.676117835,-0.05146036,0.008583049,0.034332196,2.118,0.855750023,2.289087072
707,7.07,-0.712097192,0.008498995,-0.001416528,-0.00566611,2.121,0.61440407,2.024723236
708,7.08,-0.746296676,0.068403984,-0.011415537,-0.04566215,2.124,0.100600914,1.489630536
709,7.09,-0.778630807,0.127871422,-0.021409981,-0.085639925,2.127,1.165270725,2.534461434
710,7.1,-0.809018766,0.186520919,-0.031395861,-0.125583446,2.13,1.223168189,2.573691035
711,7.11,-0.8373846,0.243977319,-0.041369184,-0.165476735,2.133,1.279021526,2.611768326
712,7.12,-0.863657409,0.299873096,-0.051325959,-0.205303835,2.136,1.337050085,2.652635978
713,7.13,-0.887771523,0.353850709,-0.061262204,-0.245048817,2.139,0.87239254,2.171160704
714,7.14,-0.909666672,0.405564885,-0.071173946,-0.284695782,2.142,0.426627456,1.708655942
715,7.15,-0.929288127,0.45468483,-0.081057218,-0.324228873,2.145,0.370704435,1.635815046
716,7.16,-0.946586846,0.500896343,-0.090908069,-0.363632277,2.148,1.38998886,2.637758011
717,7.17,-0.961519591,0.543903829,-0.100722558,-0.402890232,2.151,1.109074021,2.338845469
718,7.18,-0.974049038,0.583432187,-0.110496759,-0.441987037,2.154,1.442737871,2.653637224
719,7.19,-0.984143869,0.61922857,-0.120226763,-0.480907053,2.157,0.664793443,1.855744328
720,7.2,-0.991778853,0.651064003,-0.129908678,-0.519634712,2.16,0.408545344,1.578287103
721,7.21,-0.996934907,0.678734848,-0.139538631,-0.558154525,2.163,0.814694248,1.961801034
722,7.22,-0.999599143,0.702064107,-0.149112771,-0.596451083,2.166,0.824106153,1.947007264
723,7.23,-0.999764901,0.720902551,-0.158627267,-0.634509069,2.169,0.989015589,2.086016904
724,7.24,-0.997431767,0.735129679,-0.168078315,-0.672313259,2.172,0.142277697,1.211584035
725,7.25,-0.992605574,0.744654486,-0.177462133,-0.709848534,2.175,0.224790001,1.264528246
726,7.26,-0.985298384,0.749416045,-0.186774969,-0.747099878,2.178,0.026114543,1.034357357
727,7.27,-0.975528461,0.749383899,-0.196013098,-0.784052392,2.181,0.382626012,1.357415961
728,7.28,-0.963320224,0.744558254,-0.205172824,-0.820691296,2.184,0.183813512,1.123187422
729,7.29,-0.948704189,0.734969976,-0.214250483,-0.857001934,2.187,0.985831143,1.887844513
730,7.3,-0.931716888,0.720680399,-0.223242446,-0.892969783,2.19,1.317899195,2.180650478
731,7.31,-0.912400779,0.701780927,-0.232145114,-0.928580456,2.193,1.172965823,1.994620401
732,7.32,-0.890804144,0.678392452,-0.240954927,-0.963819709,2.196,0.87148905,1.650302721
733,7.33,-0.866980962,0.65066458,-0.249668362,-0.998673447,2.199,1.472337145,2.206678954
734,7.34,-0.84099078,0.618774675,-0.258281932,-1.033127729,2.202,0.277770522,0.966144756
735,7.35,-0.812898558,0.582926724,-0.266792193,-1.067168773,2.205,1.203714471,1.84478167
736,7.36,-0.782774514,0.543350031,-0.275195741,-1.100782965,2.208,1.4208019,2.013398712
737,7.37,-0.75069394,0.500297752,-0.283489214,-1.133956857,2.211,1.448656834,1.991814574
738,7.38,-0.716737023,0.454045275,-0.291669296,-1.166677183,2.214,0.995225757,1.48818753
739,7.39,-0.680988637,0.404888458,-0.299732713,-1.198930852,2.217,0.814369808,1.256606063
740,7.4,-0.643538133,0.353141736,-0.307676241,-1.230704966,2.22,0.219725561,0.610947956
741,7.41,-0.60447912,0.299136112,-0.315496703,-1.261986814,2.223,0.131763764,0.471937239
742,7.42,-0.563909223,0.243217038,-0.323190971,-1.292763884,2.226,0.976150759,1.265503718
743,7.43,-0.521929847,0.185742205,-0.330755966,-1.323023866,2.229,0.395111318,0.634143844
744,7.44,-0.478645919,0.127079256,-0.338188664,-1.352754655,2.232,0.373448972,0.56293899
745,7.45,-0.434165624,0.067603433,-0.34548609,-1.381944361,2.235,0.20930385,0.350311207
746,7.46,-0.388600142,0.007695179,-0.352645327,-1.410581308,2.238,1.397402413,1.491270814
747,7.47,-0.342063362,-0.052262298,-0.35966351,-1.438654041,2.241,0.371894926,0.420251714
748,7.48,-0.294671602,-0.111885475,-0.366537833,-1.466151332,2.244,0.359495311,0.36424907
749,7.49,-0.246543316,-0.170792967,-0.373265545,-1.493062181,2.247,0.209814931,0.173150922
750,7.5,-0.1977988,-0.228607966,-0.379843956,-1.519375826,2.25,0.899217659,0.823591112
751,7.51,-0.14855989,-0.284960654,-0.386270435,-1.54508174,2.253,1.120083038,1.008210319
752,7.52,-0.098949658,-0.339490567,-0.392542411,-1.570169643,2.256,0.745139932,0.599987654
753,7.53,-0.049092103,-0.391848899,-0.398657375,-1.594629498,2.259,0.6343336,0.459105726
754,7.54,0.000888157,-0.441700735,-0.404612881,-1.618451523,2.262,0.729082024,0.527205042
755,7.55,0.050866196,-0.488727193,-0.410406547,-1.641626189,2.265,1.213355249,0.988461516
756,7.56,0.100717097,-0.532627466,-0.416036057,-1.664144226,2.268,0.816073597,0.571982946
757,7.57,0.150316257,-0.57312074,-0.421499157,-1.685996628,2.271,1.323365879,1.064065612
758,7.58,0.199539705,-0.609947997,-0.426793663,-1.707174654,2.274,0.057735984,-0.212640625
759,7.59,0.248264408,-0.642873669,-0.431917458,-1.727669832,2.277,0.845552846,0.568356294
760,7.6,0.296368579,-0.671687143,-0.436868492,-1.747473966,2.28,0.803397476,0.523736454
761,7.61,0.343731982,-0.696204112,-0.441644783,-1.766579133,2.283,0.830179688,0.552483642
762,7.62,0.390236235,-0.71626775,-0.446244423,-1.784977693,2.286,0.865979273,0.594725643
763,7.63,0.435765101,-0.731749719,-0.450665571,-1.802662285,2.289,1.200855388,0.940542914
764,7.64,0.48020478,-0.742550986,-0.454906459,-1.819625836,2.292,0.424688556,0.179810055
765,7.65,0.523444198,-0.748602462,-0.45896539,-1.835861561,2.295,0.885428599,0.660443385
766,7.66,0.565375278,-0.749865436,-0.462840741,-1.851362966,2.298,1.422301729,1.221607863
767,7.67,0.605893214,-0.746331831,-0.466530963,-1.86612385,2.301,0.69112149,0.519028061
768,7.68,0.644896733,-0.738024249,-0.470034577,-1.88013831,2.304,0.54914552,0.409845116
769,7.69,0.682288346,-0.72499583,-0.473350185,-1.893400739,2.307,0.332428768,0.229970359
770,7.7,0.717974593,-0.707329912,-0.476476458,-1.905905834,2.31,1.145055325,1.083317713
771,7.71,0.751866277,-0.685139497,-0.479412148,-1.917648591,2.313,0.047473552,0.030139593
772,7.72,0.783878688,-0.658566527,-0.482156079,-1.928624315,2.316,0.105767971,0.136299739
773,7.73,0.81393181,-0.627780978,-0.484707154,-1.938828615,2.319,1.054345393,1.135960457
774,7.74,0.841950526,-0.592979774,-0.487064352,-1.948257409,2.322,0.74739658,0.883045571
775,7.75,0.867864805,-0.554385522,-0.489226731,-1.956906926,2.325,0.034799795,0.22714542
776,7.76,0.891609873,-0.512245096,-0.491193427,-1.964773706,2.328,0.620971227,0.872368872
777,7.77,0.913126381,-0.466828048,-0.492963651,-1.971854603,2.331,0.321063431,0.63354351
778,7.78,0.932360549,-0.418424895,-0.494536696,-1.978146785,2.334,1.197431977,1.57268415
779,7.79,0.949264301,-0.36734525,-0.495911933,-1.983647734,2.337,0.323178804,0.762538188
780,7.8,0.963795386,-0.313915848,-0.497088813,-1.98835525,2.34,0.371652524,0.876087999
781,7.81,0.975917485,-0.258478457,-0.498066863,-1.992267451,2.343,1.304590222,1.874694936
782,7.82,0.985600299,-0.201387686,-0.498845693,-1.995382772,2.346,0.897980581,1.53396473
783,7.83,0.992819625,-0.143008721,-0.499424991,-1.997699966,2.349,0.975191421,1.676877368
784,7.84,0.997557419,-0.083714987,-0.499804527,-1.999218107,2.352,0.769685123,1.536504921
785,7.85,0.999801839,-0.023885764,-0.499984147,-1.999936587,2.355,0.58188128,1.412876621
786,7.86,0.999547275,0.036096246,-0.49996378,-1.999855119,2.358,0.737007687,1.63083231
787,7.87,0.996794364,0.095847364,-0.499743434,-1.998973736,2.361,0.264964716,1.219889274
788,7.88,0.991549985,0.154985386,-0.499323197,-1.997292789,2.364,0.989443748,2.003363132
789,7.89,0.983827248,0.21313203,-0.498703238,-1.994812953,2.367,0.070421826,1.140864913
790,7.9,0.973645456,0.269915357,-0.497883804,-1.991535218,2.37,0.35969633,1.483838121
791,7.91,0.961030056,0.324972146,-0.496865224,-1.987460895,2.373,1.107503585,2.282179669
792,7.92,0.946012583,0.377950223,-0.495647904,-1.982591614,2.376,0.305457155,1.527180443
793,7.93,0.92863057,0.428510708,-0.494232331,-1.976929324,2.379,0.208467757,1.47344738
794,7.94,0.908927465,0.476330187,-0.492619072,-1.970476288,2.382,0.596709433,1.900871725
795,7.95,0.886952514,0.521102778,-0.490808772,-1.963235087,2.385,1.106808494,2.445819926
796,7.96,0.862760644,0.56254209,-0.488802155,-1.955208619,2.388,1.384911088,2.754203048
797,7.97,0.836412321,0.600383052,-0.486600023,-1.946400093,2.391,0.123947201,1.518742458
798,7.98,0.807973404,0.634383611,-0.484203258,-1.936813034,2.394,1.192203068,2.607543791
799,7.99,0.777514973,0.664326281,-0.481612819,-1.926451275,2.397,1.262742916,2.693520077
800,8,0.74511316,0.690019529,-0.47882974,-1.915318961,2.4,0.51408697,1.955070958
801,8.01,0.710848953,0.711299007,-0.475855136,-1.903420545,2.403,0.389553082,1.835425361
802,8.02,0.674807993,0.728028598,-0.472690196,-1.890760786,2.406,0.020366864,1.465752473
803,8.03,0.637080364,0.740101291,-0.469336187,-1.877344748,2.409,1.222086306,2.661587026
804,8.04,0.597760367,0.747439862,-0.465794449,-1.863177797,2.412,0.479115544,1.907343526
805,8.05,0.55694628,0.749997368,-0.4620664,-1.8482656,2.415,0.476320497,1.887932144
806,8.06,0.514740117,0.74775745,-0.45815353,-1.832614121,2.418,1.111865979,2.501595894
807,8.07,0.471247372,0.740734437,-0.454057405,-1.816229622,2.421,1.031620827,2.394315608
808,8.08,0.426576754,0.728973251,-0.449779664,-1.799118654,2.424,1.016041051,2.346692737
809,8.09,0.380839916,0.712549123,-0.445322016,-1.781288063,2.427,0.559924928,1.853703888
810,8.1,0.334151177,0.691567113,-0.440686245,-1.762744981,2.43,1.346297593,2.598584658
811,8.11,0.286627234,0.666161434,-0.435874206,-1.743496824,2.433,1.300286449,2.506704087
812,8.12,0.238386872,0.636494595,-0.430887823,-1.723551291,2.436,0.293500115,1.449942467
813,8.13,0.189550667,0.602756362,-0.42572909,-1.702916361,2.439,0.334903195,1.437564772
814,8.14,0.140240684,0.565162546,-0.420400072,-1.681600288,2.442,1.001577247,2.046980117
815,8.15,0.090580172,0.523953618,-0.414902899,-1.659611596,2.445,1.122345641,2.107364936
816,8.16,0.040693257,0.479393175,-0.409239771,-1.636959082,2.448,1.264203111,2.186090691
817,8.17,-0.009295369,0.431766252,-0.403412952,-1.613651806,2.451,0.094841994,0.951248119
818,8.18,-0.059260763,0.381377498,-0.397424773,-1.589699091,2.454,1.240385505,2.029378375
819,8.19,-0.109078035,0.328549229,-0.391277629,-1.565110518,2.457,1.440898103,2.16098115
820,8.2,-0.158622669,0.273619367,-0.38497398,-1.539895921,2.46,1.447377254,2.097504051
821,8.21,-0.207770829,0.216939275,-0.378516347,-1.514065386,2.463,0.58037065,1.159957363
822,8.22,-0.25639967,0.158871511,-0.371907311,-1.487629246,2.466,0.379688988,0.888624273
823,8.23,-0.304387645,0.099787512,-0.365149518,-1.460598073,2.469,0.445059507,0.883711782
824,8.24,-0.35161481,0.040065214,-0.35824567,-1.432982681,2.472,0.823258596,1.192480648
825,8.25,-0.397963121,-0.019913366,-0.351198529,-1.404794115,2.475,0.230404949,0.531535819
826,8.26,-0.443316731,-0.079764567,-0.344010912,-1.37604365,2.478,1.460150897,1.695015036
827,8.27,-0.48756228,-0.139105548,-0.336685696,-1.346742786,2.481,0.623071825,0.793975515
828,8.28,-0.530589178,-0.197556727,-0.329225811,-1.316903242,2.484,0.763390307,0.873115348
829,8.29,-0.572289879,-0.254744218,-0.321634239,-1.286536955,2.487,1.186885024,1.238679733
830,8.3,-0.612560153,-0.310302216,-0.313914018,-1.25565607,2.49,0.645534261,0.643101804
831,8.31,-0.651299346,-0.363875338,-0.306068235,-1.22427294,2.493,1.178858931,1.126343073
832,8.32,-0.68841063,-0.415120899,-0.298100029,-1.192400117,2.496,0.860876506,0.762844831
833,8.33,-0.723801245,-0.463711104,-0.290012587,-1.160050349,2.499,0.624857224,0.486281938
834,8.34,-0.757382735,-0.50933514,-0.281809144,-1.127236577,2.502,0.629760682,0.455997086
835,8.35,-0.789071162,-0.551701169,-0.273492981,-1.093971926,2.505,0.165693823,-0.037543415
836,8.36,-0.818787322,-0.590538193,-0.265067425,-1.0602697,2.508,1.144757136,0.918094496
837,8.37,-0.84645694,-0.625597789,-0.256535845,-1.02614338,2.511,1.238652745,0.994918791
838,8.38,-0.872010857,-0.656655693,-0.247901654,-0.991606617,2.514,0.598865581,0.34469076
839,8.39,-0.895385201,-0.683513242,-0.239168306,-0.956673224,2.517,1.319500868,1.061760895
840,8.4,-0.916521548,-0.705998638,-0.230339294,-0.921357175,2.52,1.122885033,0.868668378
841,8.41,-0.935367068,-0.723968053,-0.221418149,-0.885672595,2.523,1.375536303,1.132110438
842,8.42,-0.951874658,-0.737306543,-0.212408439,-0.849633758,2.526,0.357229415,0.132006016
843,8.43,-0.966003057,-0.745928787,-0.20331377,-0.813255079,2.529,1.201044884,1.001544191
844,8.44,-0.977716952,-0.749779632,-0.194137777,-0.776551108,2.532,0.516401936,0.350216467
845,8.45,-0.986987063,-0.748834446,-0.184884132,-0.739536528,2.535,1.036527858,0.911285689
846,8.46,-0.993790221,-0.743099276,-0.175556536,-0.702226142,2.538,0.151404137,0.074731962
847,8.47,-0.99810942,-0.732610806,-0.166158719,-0.664634876,2.541,0.89639006,0.875876239
848,8.48,-0.999933866,-0.717436126,-0.156694441,-0.626777765,2.544,0.804158767,0.847316568
849,8.49,-0.999258998,-0.697672304,-0.147167488,-0.58866995,2.547,1.363385449,1.477616708
850,8.5,-0.996086503,-0.673445761,-0.137581669,-0.550326676,2.55,0.444020653,0.636580044
851,8.51,-0.99042431,-0.644911462,-0.12794082,-0.511763278,2.553,0.533151832,0.811111961
852,8.52,-0.982286573,-0.612251931,-0.118248796,-0.472995182,2.556,1.071420193,1.441637711
853,8.53,-0.97169363,-0.575676077,-0.108509474,-0.434037894,2.559,0.352805935,0.82188886
854,8.54,-0.95867196,-0.53541786,-0.098726749,-0.394906997,2.562,0.98658776,1.560864193
855,8.55,-0.943254109,-0.491734797,-0.088904536,-0.355618142,2.565,1.049944316,1.735432733
856,8.56,-0.925478614,-0.444906309,-0.079046761,-0.316187045,2.568,0.496878016,1.299259287
857,8.57,-0.905389904,-0.395231939,-0.069157369,-0.276629477,2.571,0.654306137,1.578897448
858,8.58,-0.883038191,-0.343029433,-0.059240315,-0.236961261,2.574,0.560158789,1.611889589
859,8.59,-0.858479342,-0.288632709,-0.049299566,-0.197198264,2.577,1.148467216,2.331857335
860,8.6,-0.831774743,-0.232389721,-0.039339097,-0.157356389,2.58,0.38292876,1.702068809
861,8.61,-0.802991139,-0.174660232,-0.029362894,-0.117451575,2.583,1.175308366,2.633842526
862,8.62,-0.772200476,-0.115813514,-0.019374945,-0.077499781,2.586,1.360150775,2.961262058
863,8.63,-0.739479714,-0.056225984,-0.009379247,-0.037516989,2.589,1.072831835,2.819229901
864,8.64,-0.704910637,0.003721201,0.000620202,0.00248081,2.592,0.693355529,2.587267104
865,8.65,-0.668579652,0.063644582,0.010619404,0.042477616,2.595,0.520238146,2.563400096
866,8.66,-0.630577565,0.123160855,0.020614358,0.082457432,2.598,0.884122978,3.077778059
867,8.67,-0.590999362,0.181889319,0.030601067,0.122404266,2.601,1.079731817,3.424627107
868,8.68,-0.54994397,0.239454312,0.040575535,0.16230214,2.604,0.666379851,3.162767869
869,8.69,-0.507514003,0.295487614,0.050533774,0.202135096,2.607,0.658962895,3.306605377
870,8.7,-0.463815516,0.349630805,0.0604718,0.2418872,2.61,0.582514626,3.380688914
871,8.71,-0.418957732,0.401537551,0.070385638,0.281542552,2.613,1.439790342,4.387298351
872,8.72,-0.373052771,0.450875827,0.080271323,0.321085291,2.616,1.384464825,4.479644496
873,8.73,-0.326215373,0.497330037,0.0901249,0.360499601,2.619,1.267425282,4.508164446
874,8.74,-0.278562606,0.540603031,0.099942429,0.399769715,2.622,0.11382391,3.497576478
875,8.75,-0.230213578,0.580418011,0.109719982,0.438879926,2.625,1.201741668,4.725546009
876,8.76,-0.181289136,0.616520297,0.119453648,0.477814592,2.628,1.163751562,4.824250962
877,8.77,-0.131911565,0.648678956,0.129139535,0.516558138,2.631,0.641482648,4.434947711
878,8.78,-0.082204284,0.676688284,0.138773767,0.555095068,2.634,0.872874028,4.795226862
879,8.79,-0.032291536,0.700369116,0.148352492,0.593409967,2.637,0.872101379,4.918941418
880,8.8,0.017701925,0.719569976,0.157871877,0.63148751,2.64,0.925886082,5.09251737
881,8.81,0.06765114,0.734168044,0.167328117,0.669312466,2.643,0.463770538,4.745230305
882,8.82,0.117431263,0.744069941,0.176717427,0.706869707,2.646,0.511101658,4.902189995
883,8.83,0.166917868,0.74921233,0.186036052,0.744144209,2.649,0.648043308,5.143353768
884,8.84,0.215987266,0.749562317,0.195280266,0.781121063,2.652,0.707305059,5.301255971
885,8.85,0.264516808,0.745117663,0.20444637,0.817785479,2.655,0.613289897,5.300156217
886,8.86,0.312385196,0.735906799,0.213530698,0.854122792,2.658,1.424802447,6.198747933
887,8.87,0.359472784,0.721988643,0.222529617,0.890118467,2.661,1.275504018,6.130613528
888,8.88,0.405661877,0.703452223,0.231439527,0.925758106,2.664,1.427030958,6.357342691
889,8.89,0.450837026,0.68041611,0.240256864,0.961027455,2.667,0.996070601,5.995608056
890,8.9,0.494885318,0.653027656,0.248978101,0.995912406,2.67,0.224920431,5.287723911
891,8.91,0.537696654,0.621462053,0.257599751,1.030399004,2.673,1.08219213,6.202349592
892,8.92,0.579164028,0.585921213,0.266118364,1.064473457,2.676,0.298407675,5.470084738
893,8.93,0.619183794,0.546632478,0.274530534,1.098122135,2.679,1.23172688,6.449195821
894,8.94,0.657655923,0.50384716,0.282832895,1.131331579,2.682,1.483438516,6.741106072
895,8.95,0.694484255,0.45783894,0.291022126,1.164088505,2.685,0.148009208,5.440443034
896,8.96,0.729576737,0.408902113,0.299094953,1.196379811,2.688,1.083120017,6.405073631
897,8.97,0.762845658,0.357349707,0.307048145,1.228192581,2.691,0.888983944,6.235420036
898,8.98,0.794207862,0.303511483,0.314878523,1.259514091,2.694,0.24756103,5.613672989
899,8.99,0.82358496,0.247731822,0.322582953,1.290331811,2.697,1.150376255,6.531607801
900,9,0.850903525,0.190367522,0.330158354,1.320633416,2.7,0.153263675,5.545326493
901,9.01,0.876095273,0.13178552,0.337601696,1.350406786,2.703,0.695642116,6.094531391
902,9.02,0.89909724,0.07236054,0.344910003,1.379640011,2.706,1.419810517,6.82181831
903,9.03,0.919851932,0.012472699,0.352080349,1.408321398,2.709,0.506406965,5.908133344
904,9.04,0.938307473,-0.047494924,0.359109869,1.436439475,2.712,0.451370226,5.849732119
905,9.05,0.954417735,-0.107158741,0.365995749,1.463982996,2.715,0.85037785,6.242615588
906,9.06,0.968142448,-0.166137109,0.372735236,1.490940943,2.718,0.76806641,6.151747927
907,9.07,0.97944731,-0.224052766,0.379325633,1.517302533,2.721,0.902343548,6.275366259
908,9.08,0.988304064,-0.28053525,0.385764306,1.543057223,2.724,1.169938808,6.530529151
909,9.09,0.994690572,-0.335223265,0.392048678,1.56819471,2.727,1.292976458,6.639687153
910,9.1,0.998590872,-0.387766996,0.398176235,1.592704941,2.73,0.427041497,5.758746549
911,9.11,0.999995215,-0.437830341,0.404144528,1.61657811,2.733,0.628380609,5.944268121
912,9.12,0.998900091,-0.485093066,0.409951168,1.63980467,2.736,1.186801408,6.48636427
913,9.13,0.995308236,-0.529252851,0.415593833,1.66237533,2.739,1.099915414,6.382939962
914,9.14,0.98922863,-0.570027224,0.421070266,1.684281062,2.742,0.608540375,5.875093109
915,9.15,0.980676466,-0.607155368,0.426378276,1.705513104,2.745,1.464649406,6.715061885
916,9.16,0.969673123,-0.640399789,0.431515741,1.726062964,2.748,0.033363232,5.26821527
917,9.17,0.956246102,-0.669547838,0.436480605,1.745922421,2.751,0.278225298,5.498326588
918,9.18,0.940428963,-0.694413065,0.441270883,1.765083533,2.754,0.989612577,6.195982891
919,9.19,0.922261242,-0.714836418,0.445884659,1.783538635,2.757,1.275589551,6.469437668
920,9.2,0.901788348,-0.730687257,0.450320086,1.801280345,2.76,0.015858434,5.198559955
921,9.21,0.879061452,-0.741864192,0.454575392,1.818301567,2.763,0.258320528,5.431394747
922,9.22,0.854137361,-0.748295728,0.458648873,1.834595492,2.766,0.073380598,5.238466597
923,9.23,0.827078372,-0.749940724,0.462538901,1.850155604,2.769,0.923136855,6.081969008
924,9.24,0.797952117,-0.746788659,0.46624392,1.864975679,2.772,1.272792326,6.427175382
925,9.25,0.766831397,-0.738859695,0.469762447,1.879049787,2.775,0.448330976,5.600114913
926,9.26,0.733793998,-0.726204551,0.473093075,1.892372302,2.778,1.412507795,6.563562619
927,9.27,0.698922497,-0.708904176,0.476234473,1.904937892,2.781,0.236346643,5.388537329
928,9.28,0.662304053,-0.687069233,0.479185383,1.916741532,2.784,1.356464215,6.511625951
929,9.29,0.624030194,-0.660839392,0.481944626,1.927778502,2.787,0.268900619,5.428814549
930,9.3,0.584196584,-0.630382433,0.484511096,1.938044386,2.79,0.346948109,5.513317742
931,9.31,0.542902788,-0.595893179,0.486883769,1.947535078,2.793,1.021501692,6.195930148
932,9.32,0.500252017,-0.557592242,0.489061695,1.956246782,2.796,0.960980336,6.144948588
933,9.33,0.456350876,-0.515724617,0.491044003,1.964176013,2.799,1.021506178,6.216352454
934,9.34,0.411309096,-0.470558115,0.4928299,1.9713196,2.802,0.937525371,6.144425853
935,9.35,0.365239258,-0.422381646,0.494418671,1.977674685,2.805,1.178906113,6.398857081
936,9.36,0.318256511,-0.371503377,0.495809682,1.983238727,2.808,1.23548978,6.469291324
937,9.37,0.270478289,-0.318248753,0.497002375,1.9880095,2.811,1.023736928,6.271978339
938,9.38,0.222024012,-0.262958424,0.497996274,1.991985096,2.814,1.333979536,6.597026494
939,9.39,0.173014791,-0.205986058,0.498790981,1.995163924,2.817,0.524898282,5.80288192
940,9.4,0.123573123,-0.147696084,0.499386178,1.997544713,2.82,0.451560799,5.744368729
941,9.41,0.073822586,-0.08846136,0.499781628,1.999126511,2.823,0.677617353,5.984886719
942,9.42,0.023887532,-0.028660784,0.499977171,1.999908685,2.826,1.43780171,6.758914314
943,9.43,-0.02610723,0.031323122,0.499972731,1.999890922,2.829,0.702277302,6.036356847
944,9.44,-0.076036736,0.091106668,0.499768307,1.99907323,2.832,0.476113111,5.82202458
945,9.45,-0.12577619,0.150307442,0.499363984,1.997455934,2.835,0.691556274,6.047907444
946,9.46,-0.17520127,0.208546761,0.498759921,1.995039684,2.838,0.569534741,5.934679837
947,9.47,-0.224188437,0.265452092,0.497956361,1.991825443,2.841,0.118724305,5.490769764
948,9.48,-0.27261525,0.320659436,0.496953625,1.9878145,2.844,0.697561766,6.074374076
949,9.49,-0.320360667,0.373815654,0.495752114,1.983008456,2.847,0.871032583,6.250248141
950,9.5,-0.367305349,0.424580728,0.494352309,1.977409236,2.85,1.099202765,6.478239689
951,9.51,-0.413331959,0.472629933,0.49275477,1.971019079,2.853,0.638360514,6.014432337
952,9.52,-0.458325454,0.51765592,0.490960135,1.96384054,2.856,0.454902573,5.825033714
953,9.53,-0.502173375,0.559370676,0.488969123,1.955876491,2.859,0.126692681,5.487735597
954,9.54,-0.544766123,0.597507368,0.48678253,1.947130118,2.862,1.485696913,6.834350805
955,9.55,-0.58599724,0.631822052,0.48440123,1.937604919,2.865,0.225677694,5.558508655
956,9.56,-0.625763669,0.662095232,0.481826176,1.927304703,2.868,0.219948266,5.533410708
957,9.57,-0.663966015,0.688133261,0.479058398,1.916233592,2.871,0.479330582,5.769789817
958,9.58,-0.700508791,0.709769585,0.476099003,1.904396012,2.874,1.391646797,6.655402606
959,9.59,-0.735300661,0.726865807,0.472949175,1.891796699,2.877,0.778167107,6.011478127
960,9.6,-0.768254661,0.739312568,0.469610173,1.878440693,2.88,1.459522695,6.658631468
961,9.61,-0.799288425,0.747030251,0.466083334,1.864333336,2.883,0.364645833,5.525804329
962,9.62,-0.828324385,0.74996949,0.462370068,1.84948027,2.886,1.014475831,6.133971275
963,9.63,-0.855289964,0.748111484,0.458471859,1.833887437,2.889,0.091096537,5.165277352
964,9.64,-0.880117764,0.741468117,0.454390268,1.817561073,2.892,1.099768562,6.125070257
965,9.65,-0.902745728,0.730081884,0.450126927,1.800507709,2.895,0.432050843,5.405021636
966,9.66,-0.923117298,0.714025619,0.445683542,1.782734166,2.898,1.242621112,6.159947141
967,9.67,-0.941181556,0.693402027,0.441061888,1.764247554,2.901,1.34117325,6.199703164
968,9.68,-0.95689335,0.668343028,0.436263816,1.745055265,2.904,0.788576325,5.585345085
969,9.69,-0.970213408,0.639008915,0.431291244,1.725164978,2.907,0.028055865,4.760307593
970,9.7,-0.981108439,0.605587325,0.426146162,1.704584648,2.91,0.638598224,5.30380792
971,9.71,-0.989551209,0.568292042,0.420830627,1.683322506,2.913,0.899482968,5.495376935
972,9.72,-0.995520616,0.527361631,0.415346765,1.661387058,2.916,0.22569823,4.750273067
973,9.73,-0.999001741,0.483057904,0.409696769,1.638787078,2.919,1.187163466,5.638703476
974,9.74,-0.999985881,0.435664255,0.403882901,1.615531604,2.922,0.013500846,4.390593725
975,9.75,-0.998470578,0.385483842,0.397907485,1.59162994,2.925,0.918244638,5.219795326
976,9.76,-0.994459618,0.332837648,0.391772911,1.567091644,2.928,0.382837435,4.60808002
977,9.77,-0.987963027,0.278062428,0.385481633,1.541926533,2.931,0.619446461,4.767954029
978,9.78,-0.978997043,0.221508558,0.379036168,1.516144672,2.934,0.12625339,4.197945745
979,9.79,-0.967584076,0.163537789,0.372439093,1.489756373,2.937,0.339272993,4.334422173
980,9.8,-0.953752653,0.104520937,0.365693048,1.462772191,2.94,0.933297593,4.852531116
981,9.81,-0.937537345,0.044835507,0.35880073,1.43520292,2.943,0.565324782,4.409626595
982,9.82,-0.918978681,-0.015136717,0.351764897,1.407059587,2.946,1.269506663,5.040215748
983,9.83,-0.89812305,-0.075012118,0.344588362,1.378353449,2.949,1.131004313,4.829810956
984,9.84,-0.875022579,-0.134407698,0.337273997,1.349095988,2.952,0.602030458,4.230970166
985,9.85,-0.849735007,-0.192943526,0.329824727,1.319298907,2.955,0.088119674,3.649564774
986,9.86,-0.82232354,-0.250245175,0.322243531,1.288974123,2.958,0.32603438,3.822683319
987,9.87,-0.792856693,-0.305946108,0.314533442,1.258133767,2.961,0.58160572,4.016470128
988,9.88,-0.761408116,-0.359690031,0.306697544,1.226790175,2.964,1.416689237,4.793078808
989,9.89,-0.728056416,-0.411133164,0.298738971,1.194955882,2.967,0.689073906,4.010579178
990,9.9,-0.692884954,-0.459946449,0.290660906,1.162643624,2.97,0.419916661,3.690389787
991,9.91,-0.655981641,-0.505817646,0.282466581,1.129866323,2.973,1.065350494,4.288884111
992,9.92,-0.617438715,-0.548453336,0.274159273,1.096637091,2.976,0.867339824,4.048244137
993,9.93,-0.577352514,-0.587580796,0.265742305,1.062969218,2.979,1.013485797,4.15626401
994,9.94,-0.535823232,-0.622949745,0.257219043,1.028876172,2.982,0.278300396,3.387622635
995,9.95,-0.492954671,-0.654333941,0.248592897,0.99437159,2.985,1.122699233,4.203375109
996,9.96,-0.44885398,-0.681532632,0.239867318,0.959469272,2.988,0.889234214,3.946184191
997,9.97,-0.403631388,-0.704371841,0.231045795,0.924183179,2.991,0.497114455,3.535340199
998,9.98,-0.357399928,-0.722705474,0.222131856,0.888527425,2.994,0.868086068,3.892639948
999,9.99,-0.310275154,-0.736416257,0.213129068,0.852516272,2.997,0.102053774,3.118007702
1000,10,-0.262374854,-0.74541649,0.204041031,0.816164124,3,1.227157763,4.239571573
1001,10.01,-0.213818753,-0.749648602,0.19487138,0.779485521,3.003,0.726351252,3.740240799
1002,10.02,-0.164728217,-0.74908552,0.185623783,0.742495134,3.006,0.754223021,3.774528201
1003,10.03,-0.115225946,-0.743730848,0.17630194,0.705207759,3.009,0.589983689,3.621536594
1004,10.04,-0.06543567,-0.733618836,0.166909578,0.66763831,3.012,1.478687343,4.526180726
1005,10.05,-0.015481839,-0.718814167,0.157450454,0.629801815,3.015,0.314141795,3.382098059
1006,10.06,0.034510689,-0.69941154,0.147928352,0.591713408,3.018,0.286104314,3.378845222
1007,10.07,0.084416957,-0.675535067,0.138347081,0.553388323,3.021,1.355896119,4.477513414
1008,10.08,0.134112228,-0.647337474,0.128710473,0.51484189,3.024,0.922091129,4.076418246
1009,10.09,0.183472287,-0.614999131,0.119022382,0.476089528,3.027,1.296503246,4.487088312
1010,10.1,0.232373762,-0.578726891,0.109286684,0.437146736,3.03,0.060223484,3.290303774
1011,10.11,0.280694423,-0.538752775,0.099507273,0.398029091,3.033,0.037720987,3.310198998
1012,10.12,0.328313494,-0.49533248,0.08968806,0.358752239,3.036,0.476407998,3.793829311
1013,10.13,0.375111952,-0.448743747,0.079832973,0.319331892,3.039,1.149758206,4.514291276
1014,10.14,0.420972826,-0.399284585,0.069945954,0.279783816,3.042,1.178939454,4.592357465
1015,10.15,0.465781487,-0.347271365,0.060030958,0.24012383,3.045,0.783254605,4.246919515
1016,10.16,0.509425937,-0.293036793,0.05009195,0.200367798,3.048,0.473726988,3.988575879
1017,10.17,0.551797087,-0.236927786,0.040132905,0.160531621,3.051,1.484630636,5.051164464
1018,10.18,0.592789033,-0.179303249,0.030157809,0.120631234,3.054,1.000728331,4.619003158
1019,10.19,0.632299314,-0.120531784,0.020170649,0.080682597,3.057,0.073847982,3.743468758
1020,10.2,0.670229176,-0.060989326,0.010175422,0.040701687,3.06,0.621981586,4.342098545
1021,10.21,0.706483814,-0.001056745,0.000176124,0.000704497,3.063,0.140367307,3.909674998
1022,10.22,0.740972611,0.058882596,-0.009823244,-0.039292975,3.066,0.027328415,3.844067403
1023,10.23,0.773609362,0.118445289,-0.019818683,-0.07927473,3.069,1.118489333,4.980450571
1024,10.24,0.804312492,0.177250337,-0.029806194,-0.119224777,3.072,0.697712859,4.602244718
1025,10.25,0.833005261,0.234921587,-0.039781784,-0.159127135,3.075,1.263410474,5.207428403
1026,10.26,0.859615949,0.291090141,-0.049741461,-0.198965844,3.078,1.42640882,5.406407605
1027,10.27,0.884078046,0.345396711,-0.059681242,-0.238724969,3.081,0.57956836,4.591636905
1028,10.28,0.906330408,0.397493921,-0.069597152,-0.278388608,3.084,0.125334639,4.165173208
1029,10.29,0.926317416,0.447048526,-0.079485224,-0.317940895,3.087,1.421904806,5.484844629
1030,10.3,0.943989113,0.493743546,-0.089341503,-0.35736601,3.09,0.199408168,4.280433315
1031,10.31,0.959301328,0.537280293,-0.099162046,-0.396648183,3.093,0.734457722,4.828229115
1032,10.32,0.97221579,0.577380279,-0.108942926,-0.435771703,3.096,1.452079534,5.552960976
1033,10.33,0.982700219,0.613787002,-0.11868023,-0.474720919,3.099,1.100395919,5.202481992
1034,10.34,0.990728409,0.646267583,-0.128370063,-0.513480253,3.102,0.739332551,4.836478226
1035,10.35,0.996280294,0.674614256,-0.138008551,-0.552034202,3.105,0.031047447,4.116899244
1036,10.36,0.999341997,0.698645701,-0.147591836,-0.590367345,3.108,1.499000824,5.56702934
1037,10.37,0.999905866,0.718208197,-0.157116087,-0.628464349,3.111,0.780421611,4.823955237
1038,10.38,0.99797049,0.733176612,-0.166577494,-0.666309975,3.114,1.103312062,5.115571695
1039,10.39,0.993540708,0.743455198,-0.175972272,-0.703889087,3.117,0.808636893,4.782771442
1040,10.4,0.986627592,0.748978209,-0.185296663,-0.741186652,3.12,1.127329178,5.056451664
1041,10.41,0.977248421,0.749710315,-0.194546938,-0.778187752,3.123,0.140305156,4.017529201
1042,10.42,0.965426637,0.745646833,-0.203719397,-0.814877587,3.126,1.462525501,5.281001987
1043,10.43,0.95119179,0.736813756,-0.212810371,-0.851241483,3.129,1.384280074,5.137233767
1044,10.44,0.934579458,0.723267585,-0.221816223,-0.887264893,3.132,1.411584093,5.092350021
1045,10.45,0.915631165,0.705094971,-0.230733352,-0.922933409,3.135,1.481572239,5.083631614
1046,10.46,0.894394271,0.682412154,-0.239558191,-0.958232764,3.138,0.158477844,3.675493314
1047,10.47,0.870921856,0.655364229,-0.24828721,-0.993148838,3.141,0.008022519,3.433872556
1048,10.48,0.845272591,0.624124209,-0.256916917,-1.027667667,3.144,1.239563756,4.568375972
1049,10.49,0.817510584,0.588891924,-0.26544386,-1.061775442,3.147,0.210663783,3.436846989
1050,10.5,0.787705227,0.54989274,-0.27386463,-1.09545852,3.15,0.077077778,3.195352594
1051,10.51,0.755931017,0.507376119,-0.282175858,-1.128703431,3.153,0.181496186,3.186924034
1052,10.52,0.722267373,0.461614023,-0.290374219,-1.161496874,3.156,0.053798167,2.94180847
1053,10.53,0.686798436,0.412899172,-0.298456434,-1.193825735,3.159,1.378938797,4.145354237
1054,10.54,0.649612862,0.361543176,-0.30641927,-1.225677081,3.162,0.023440771,2.664500458
1055,10.55,0.610803593,0.307874537,-0.314259543,-1.257038173,3.165,0.060742176,2.57312259
1056,10.56,0.570467634,0.252236552,-0.321974116,-1.287896466,3.168,0.313096196,2.693929799
1057,10.57,0.528705802,0.194985113,-0.329559904,-1.318239618,3.171,1.15412051,3.401011904
1058,10.58,0.485622482,0.136486435,-0.337013873,-1.348055491,3.174,1.148802613,3.259842166
1059,10.59,0.441325358,0.07711471,-0.34433304,-1.37733216,3.177,0.595211904,2.568986772
1060,10.6,0.39592515,0.017249714,-0.351514479,-1.406057915,3.18,0.929877658,2.765480129
1061,10.61,0.349535336,-0.042725621,-0.358555316,-1.434221265,3.183,0.956173059,2.653206192
1062,10.62,0.302271866,-0.102427659,-0.365452737,-1.461810946,3.186,1.187025608,2.745606132
1063,10.63,0.254252873,-0.161474509,-0.372203981,-1.488815922,3.189,0.485993813,1.906752274
1064,10.64,0.20559838,-0.219488473,-0.378806348,-1.515225392,3.192,0.949191021,2.233269189
1065,10.65,0.156429999,-0.276098459,-0.385257198,-1.541028791,3.195,0.278056121,1.427101672
1066,10.66,0.106870624,-0.330942358,-0.39155395,-1.5662158,3.198,0.426728431,1.442886947
1067,10.67,0.057044128,-0.383669356,-0.397694086,-1.590776343,3.201,1.479375857,2.365280201
1068,10.68,0.007075052,-0.433942178,-0.403675149,-1.614700597,3.204,0.168224129,0.926981256
1069,10.69,-0.042911708,-0.481439252,-0.409494748,-1.637978992,3.207,1.083624819,1.718800119
1070,10.7,-0.092791212,-0.525856757,-0.415150554,-1.660602217,3.21,1.221783285,1.737382545
1071,10.71,-0.142438785,-0.566910574,-0.420640306,-1.682561224,3.213,0.461214927,0.861664038
1072,10.72,-0.191730336,-0.604338097,-0.425961807,-1.703847229,3.216,0.298376938,0.588499469
1073,10.73,-0.240542661,-0.637899919,-0.431112929,-1.724451717,3.219,0.97788765,1.162880423
1074,10.74,-0.288753755,-0.667381359,-0.436091612,-1.744366448,3.222,0.071686988,0.157093815
1075,10.75,-0.336243114,-0.692593835,-0.440895864,-1.763583455,3.225,0.974822594,0.966506325
1076,10.76,-0.382892041,-0.713376075,-0.445523763,-1.782095053,3.228,0.347112002,0.25122507
1077,10.77,-0.428583938,-0.729595142,-0.449973459,-1.799893836,3.231,0.771577476,0.594531102
1078,10.78,-0.473204597,-0.741147289,-0.454243171,-1.816972686,3.234,1.174602782,0.923035038
1079,10.79,-0.516642492,-0.747958624,-0.458331193,-1.83332477,3.237,0.069915788,-0.249341291
1080,10.8,-0.558789049,-0.749985576,-0.462235887,-1.84894355,3.24,0.682800742,0.30284668
1081,10.81,-0.599538925,-0.747215179,-0.465955694,-1.863822776,3.243,0.733477809,0.299945234
1082,10.82,-0.638790265,-0.739665155,-0.469489125,-1.877956499,3.246,1.260128267,0.780227223
1083,10.83,-0.676444963,-0.727383799,-0.472834766,-1.891339064,3.249,1.3942829,0.875280309
1084,10.84,-0.7124089,-0.710449668,-0.47599128,-1.903965118,3.252,0.462268689,-0.088546277
1085,10.85,-0.746592187,-0.688971084,-0.478957403,-1.915829612,3.255,0.367928154,-0.207422132
1086,10.86,-0.778909381,-0.663085437,-0.48173195,-1.926927799,3.258,0.107778051,-0.484876516
1087,10.87,-0.809279708,-0.632958305,-0.48431381,-1.937255241,3.261,1.121457906,0.518650842
1088,10.88,-0.837627257,-0.5987824,-0.486701952,-1.946807807,3.264,0.443115984,-0.162803432
1089,10.89,-0.863881174,-0.560776331,-0.488895419,-1.955581676,3.267,0.333733331,-0.268401269
1090,10.9,-0.887975838,-0.519183208,-0.490893334,-1.963573338,3.27,0.118809594,-0.472816124
1091,10.91,-0.909851025,-0.474269084,-0.492694899,-1.970779596,3.273,1.267369629,0.692775024
1092,10.92,-0.929452058,-0.426321256,-0.494299392,-1.97719757,3.276,0.687917571,0.136647295
1093,10.93,-0.946729946,-0.375646426,-0.495706173,-1.98282469,3.279,0.797921144,0.276013909
1094,10.94,-0.961641501,-0.322568742,-0.496914677,-1.987658707,3.282,0.408361651,-0.078421976
1095,10.95,-0.974149453,-0.267427719,-0.497924422,-1.991697688,3.285,0.844215619,0.398016338
1096,10.96,-0.984222539,-0.21057607,-0.498735004,-1.994940015,3.288,0.582250801,0.181777172
